Torso_Lower,Torso_Upper,Head_Neck,L_UpperLeg,L_LowerLeg,R_UpperLeg,R_LowerLeg,L_UpperArm,L_LowerArm,R_UpperArm,R_LowerArm
"[0.010286, 0.005335, 0.999933]","[0.182665, -0.002682, 0.983172]","[-0.001170, -0.200974, 0.979596]","[-0.279029, 0.007124, -0.960256]","[-0.279740, -0.188083, -0.941472]","[0.152197, 0.094404, -0.983831]","[-0.166375, 0.004199, -0.986054]","[-0.910586, 0.411502, -0.038723]","[-0.577045, 0.658932, -0.482523]","[0.418647, 0.550132, 0.722557]","[0.705591, 0.234242, 0.668784]"
"[0.050475, 0.019451, 0.998536]","[0.179782, -0.017640, 0.983548]","[-0.022562, -0.217797, 0.975733]","[-0.249104, 0.003620, -0.968470]","[-0.283496, -0.218886, -0.933659]","[0.172840, 0.053025, -0.983522]","[-0.198014, -0.013382, -0.980108]","[-0.913318, 0.407160, 0.008411]","[-0.581981, 0.659573, -0.475670]","[0.420603, 0.541635, 0.727822]","[0.721572, 0.267970, 0.638378]"
"[0.062790, 0.005907, 0.998009]","[0.183237, -0.026683, 0.982707]","[-0.017241, -0.221366, 0.975038]","[-0.240403, -0.001943, -0.970671]","[-0.285221, -0.228404, -0.930849]","[0.166985, -0.008228, -0.985925]","[-0.224870, -0.030308, -0.973917]","[-0.927727, 0.372424, 0.024949]","[-0.584598, 0.661759, -0.469383]","[0.401313, 0.578929, 0.709781]","[0.744584, 0.265712, 0.612366]"
"[0.068342, -0.014341, 0.997559]","[0.189724, -0.049080, 0.980610]","[0.005980, -0.174922, 0.984564]","[-0.220419, 0.039465, -0.974607]","[-0.288982, -0.234294, -0.928222]","[0.174038, -0.013156, -0.984651]","[-0.240239, -0.028258, -0.970302]","[-0.902481, 0.430464, 0.015112]","[-0.565439, 0.679483, -0.467528]","[0.296690, 0.632312, 0.715651]","[0.790520, 0.261817, 0.553652]"
"[0.047078, -0.055247, 0.997362]","[0.194986, -0.058979, 0.979031]","[0.026277, -0.129029, 0.991293]","[-0.203701, 0.094377, -0.974474]","[-0.298749, -0.236898, -0.924461]","[0.217129, 0.036379, -0.975465]","[-0.255811, 0.009396, -0.966681]","[-0.871524, 0.489288, -0.032300]","[-0.509006, 0.685287, -0.520859]","[0.225970, 0.573237, 0.787615]","[0.787127, 0.275966, 0.551611]"
"[0.045357, -0.061192, 0.997095]","[0.183454, -0.065396, 0.980851]","[0.027939, -0.113127, 0.993188]","[-0.195387, 0.110008, -0.974537]","[-0.323478, -0.241736, -0.914836]","[0.266715, 0.067832, -0.961385]","[-0.260360, -0.034321, -0.964902]","[-0.883466, 0.467520, -0.030214]","[-0.498750, 0.711739, -0.494648]","[0.252736, 0.561483, 0.787948]","[0.694491, 0.236240, 0.679613]"
"[0.043170, -0.055084, 0.997548]","[0.188180, -0.049769, 0.980873]","[0.014947, -0.088327, 0.995979]","[-0.208538, 0.085659, -0.974256]","[-0.321565, -0.225732, -0.919588]","[0.263212, 0.010940, -0.964676]","[-0.254177, -0.077933, -0.964013]","[-0.880829, 0.470059, -0.056435]","[-0.513514, 0.711755, -0.479279]","[0.286938, 0.595992, 0.749973]","[0.571261, 0.244164, 0.783610]"
"[0.051842, -0.052032, 0.997299]","[0.171089, -0.048533, 0.984059]","[-0.013259, -0.106547, 0.994219]","[-0.242387, 0.044576, -0.969155]","[-0.303741, -0.210984, -0.929100]","[0.217146, -0.070461, -0.973593]","[-0.227197, -0.101705, -0.968523]","[-0.865201, 0.495366, -0.077721]","[-0.581025, 0.681395, -0.445095]","[0.393983, 0.558896, 0.729666]","[0.440941, 0.186566, 0.877932]"
"[0.054459, -0.061741, 0.996605]","[0.147703, -0.035796, 0.988384]","[-0.017666, -0.151218, 0.988343]","[-0.290859, 0.013610, -0.956669]","[-0.295224, -0.172245, -0.939774]","[0.199931, -0.133631, -0.970655]","[-0.226169, -0.151709, -0.962202]","[-0.877021, 0.463248, -0.127419]","[-0.682989, 0.626680, -0.375231]","[0.476158, 0.457999, 0.750673]","[0.421863, 0.102135, 0.900889]"
"[0.045540, -0.080770, 0.995692]","[0.128802, -0.024742, 0.991362]","[-0.001043, -0.115224, 0.993339]","[-0.330541, 0.005402, -0.943776]","[-0.278255, -0.134212, -0.951084]","[0.205137, -0.143096, -0.968216]","[-0.212079, -0.147893, -0.965997]","[-0.875756, 0.466234, -0.125211]","[-0.665181, 0.677356, -0.314204]","[0.455585, 0.426612, 0.781309]","[0.380231, 0.095521, 0.919946]"
"[0.047822, -0.106996, 0.993109]","[0.108025, -0.018156, 0.993982]","[0.024710, -0.090715, 0.995570]","[-0.311739, 0.007794, -0.950136]","[-0.276733, -0.158459, -0.947792]","[0.213168, -0.164730, -0.963028]","[-0.181631, -0.102649, -0.977995]","[-0.859449, 0.502478, -0.094140]","[-0.582333, 0.736634, -0.343887]","[0.455768, 0.551526, 0.698638]","[0.305343, 0.045038, 0.951177]"
"[0.046272, -0.134928, 0.989774]","[0.071405, 0.003391, 0.997442]","[0.048451, -0.104428, 0.993352]","[-0.268772, 0.043579, -0.962217]","[-0.276209, -0.189177, -0.942295]","[0.207341, -0.187018, -0.960226]","[-0.144380, -0.069923, -0.987049]","[-0.860809, 0.503801, -0.072057]","[-0.445112, 0.796965, -0.408316]","[0.545386, 0.644785, 0.535543]","[0.147415, -0.037176, 0.988376]"
"[0.030938, -0.129771, 0.991061]","[0.037957, 0.007741, 0.999249]","[0.049055, -0.141950, 0.988658]","[-0.264384, 0.072911, -0.961657]","[-0.263457, -0.192742, -0.945220]","[0.189643, -0.174570, -0.966210]","[-0.087564, -0.039776, -0.995365]","[-0.885982, 0.458214, -0.071241]","[-0.375051, 0.796584, -0.474121]","[0.585667, 0.714509, 0.382714]","[0.101560, -0.004413, 0.994820]"
"[0.023351, -0.068657, 0.997367]","[0.031325, -0.000915, 0.999509]","[0.020006, -0.205658, 0.978419]","[-0.287095, 0.059309, -0.956064]","[-0.254406, -0.162472, -0.953352]","[0.160094, -0.179124, -0.970713]","[-0.059624, -0.023268, -0.997950]","[-0.891489, 0.440091, -0.107549]","[-0.399013, 0.785911, -0.472369]","[0.612555, 0.726687, 0.310968]","[0.144940, 0.089494, 0.985385]"
"[0.007680, -0.041655, 0.999103]","[0.046595, -0.026680, 0.998557]","[-0.001048, -0.200123, 0.979770]","[-0.287698, 0.058232, -0.955949]","[-0.252027, -0.130675, -0.958857]","[0.152133, -0.188475, -0.970223]","[-0.046050, -0.023842, -0.998655]","[-0.878230, 0.463391, -0.118242]","[-0.459818, 0.798009, -0.389549]","[0.586714, 0.761598, 0.275200]","[0.191956, 0.241434, 0.951243]"
"[-0.018242, -0.037120, 0.999144]","[0.042094, -0.039605, 0.998328]","[0.005512, -0.201495, 0.979474]","[-0.275207, 0.063344, -0.959296]","[-0.264638, -0.144022, -0.953532]","[0.170890, -0.160463, -0.972136]","[-0.044024, -0.038998, -0.998269]","[-0.883316, 0.443673, -0.151352]","[-0.488492, 0.804336, -0.338260]","[0.610571, 0.770370, 0.183668]","[0.296964, 0.339771, 0.892394]"
"[-0.022832, -0.041884, 0.998862]","[0.020154, -0.019802, 0.999601]","[-0.021563, -0.242983, 0.969791]","[-0.244397, 0.064831, -0.967505]","[-0.259211, -0.163121, -0.951946]","[0.212620, -0.097525, -0.972256]","[-0.038197, -0.026945, -0.998907]","[-0.923872, 0.357341, -0.136997]","[-0.497995, 0.793601, -0.349568]","[0.654195, 0.752728, 0.073684]","[0.345122, 0.400929, 0.848614]"
"[-0.030165, -0.046422, 0.998466]","[0.017456, -0.012217, 0.999773]","[-0.024958, -0.262021, 0.964740]","[-0.226900, 0.088344, -0.969903]","[-0.222461, -0.186600, -0.956918]","[0.233340, -0.042236, -0.971477]","[-0.029295, -0.052152, -0.998209]","[-0.942384, 0.322114, -0.090298]","[-0.546874, 0.774711, -0.317415]","[0.666578, 0.745433, 0.001902]","[0.377812, 0.478371, 0.792729]"
"[-0.015915, -0.051135, 0.998565]","[0.021322, -0.013398, 0.999683]","[-0.033624, -0.220361, 0.974839]","[-0.209149, 0.116857, -0.970876]","[-0.197078, -0.205770, -0.958550]","[0.221406, -0.019780, -0.974981]","[0.008749, -0.122737, -0.992401]","[-0.951699, 0.297689, -0.075173]","[-0.625328, 0.728607, -0.279458]","[0.634033, 0.773243, 0.009916]","[0.325873, 0.457711, 0.827229]"
"[-0.001723, -0.051491, 0.998672]","[0.049574, -0.012117, 0.998697]","[0.010739, -0.119701, 0.992752]","[-0.209954, 0.145322, -0.966851]","[-0.173978, -0.190109, -0.966225]","[0.166462, -0.073666, -0.983292]","[0.067448, -0.163143, -0.984294]","[-0.977797, 0.198698, -0.066580]","[-0.719755, 0.655197, -0.229499]","[0.614873, 0.786576, 0.056837]","[0.219543, 0.616209, 0.756365]"
"[-0.010996, -0.051475, 0.998614]","[0.077067, -0.004639, 0.997015]","[0.019502, -0.077550, 0.996798]","[-0.228696, 0.169622, -0.958607]","[-0.190157, -0.172414, -0.966496]","[0.129068, -0.114984, -0.984947]","[0.097903, -0.188105, -0.977257]","[-0.985357, 0.128586, -0.111974]","[-0.727756, 0.664675, -0.169051]","[0.585960, 0.808326, 0.057100]","[0.136732, 0.682246, 0.718224]"
"[-0.036548, -0.056877, 0.997712]","[0.075273, 0.017942, 0.997002]","[0.065704, 0.003915, 0.997831]","[-0.240917, 0.189289, -0.951908]","[-0.189249, -0.170717, -0.966975]","[0.090876, -0.117503, -0.988906]","[0.116620, -0.215802, -0.969448]","[-0.974387, 0.081030, -0.209770]","[-0.722709, 0.674348, -0.151477]","[0.546174, 0.837389, 0.021760]","[0.042520, 0.672548, 0.738831]"
"[-0.056925, -0.067604, 0.996087]","[0.053729, 0.066193, 0.996359]","[0.057121, 0.079834, 0.995170]","[-0.213197, 0.214945, -0.953072]","[-0.186132, -0.135682, -0.973111]","[0.061667, -0.059047, -0.996349]","[0.125311, -0.189752, -0.973802]","[-0.957896, -0.004138, -0.287086]","[-0.718220, 0.689140, -0.096155]","[0.525251, 0.850553, -0.025904]","[-0.150788, 0.673882, 0.723288]"
"[-0.071186, -0.069233, 0.995058]","[0.027812, 0.099932, 0.994606]","[-0.016530, 0.097481, 0.995100]","[-0.243610, 0.185160, -0.952035]","[-0.158729, -0.084913, -0.983664]","[-0.002635, 0.010625, -0.999940]","[0.158341, -0.131141, -0.978637]","[-0.906730, -0.053044, -0.418362]","[-0.600696, 0.796246, -0.071811]","[0.449697, 0.891599, -0.053140]","[-0.365094, 0.559098, 0.744390]"
"[-0.063161, -0.031702, 0.997500]","[-0.036008, 0.154449, 0.987344]","[-0.134875, 0.099699, 0.985834]","[-0.271975, 0.163318, -0.948344]","[-0.155403, -0.087367, -0.983980]","[-0.078091, 0.003108, -0.996941]","[0.113682, -0.142885, -0.983189]","[-0.825970, -0.160650, -0.540339]","[-0.512873, 0.858334, -0.014987]","[0.420903, 0.897605, -0.130940]","[-0.507481, 0.559059, 0.655679]"
"[-0.100939, 0.004856, 0.994881]","[-0.113251, 0.231209, 0.966290]","[-0.200883, 0.197424, 0.959516]","[-0.335011, 0.171682, -0.926441]","[-0.115111, -0.038726, -0.992597]","[-0.203265, -0.011724, -0.979054]","[0.128435, -0.128583, -0.983347]","[-0.688160, -0.242168, -0.683952]","[-0.467164, 0.882845, -0.048401]","[0.398508, 0.871173, -0.286790]","[-0.653707, 0.533644, 0.536554]"
"[-0.123128, 0.046853, 0.991284]","[-0.212841, 0.295292, 0.931398]","[-0.362976, 0.247575, 0.898307]","[-0.365649, 0.232063, -0.901359]","[-0.057859, 0.019601, -0.998132]","[-0.289673, 0.007106, -0.957099]","[0.143023, -0.108685, -0.983734]","[-0.565277, -0.275777, -0.777438]","[-0.419613, 0.906784, -0.040844]","[0.281467, 0.839764, -0.464298]","[-0.679590, 0.624207, 0.385387]"
"[-0.160866, 0.053784, 0.985510]","[-0.316162, 0.332698, 0.888456]","[-0.556643, 0.233833, 0.797164]","[-0.394745, 0.280525, -0.874918]","[-0.006943, 0.010829, -0.999917]","[-0.355206, 0.046815, -0.933615]","[0.174211, -0.070700, -0.982167]","[-0.487185, -0.258663, -0.834113]","[-0.424279, 0.897633, -0.119341]","[0.239778, 0.786468, -0.569188]","[-0.732733, 0.600790, 0.319616]"
"[-0.190894, 0.096508, 0.976855]","[-0.418576, 0.382522, 0.823693]","[-0.750034, 0.189189, 0.633764]","[-0.443880, 0.283037, -0.850212]","[0.014070, 0.012782, -0.999819]","[-0.419027, 0.048058, -0.906701]","[0.188821, -0.086659, -0.978180]","[-0.425842, -0.317093, -0.847414]","[-0.449662, 0.873847, -0.184919]","[0.246278, 0.747067, -0.617444]","[-0.805282, 0.557724, 0.201158]"
"[-0.224705, 0.163768, 0.960566]","[-0.516267, 0.430599, 0.740306]","[-0.851224, 0.208277, 0.481703]","[-0.503442, 0.280273, -0.817308]","[0.046229, 0.032053, -0.998416]","[-0.487610, 0.033554, -0.872416]","[0.214899, -0.130870, -0.967828]","[-0.372671, -0.392779, -0.840738]","[-0.432624, 0.861762, -0.264960]","[0.288615, 0.673467, -0.680546]","[-0.837150, 0.536729, 0.105364]"
"[-0.258870, 0.203354, 0.944263]","[-0.611349, 0.447746, 0.652516]","[-0.896331, 0.312697, 0.314344]","[-0.523331, 0.277947, -0.805525]","[0.089239, 0.060104, -0.994195]","[-0.529993, 0.035561, -0.847256]","[0.233987, -0.145500, -0.961291]","[-0.317625, -0.412849, -0.853622]","[-0.466950, 0.835165, -0.290614]","[0.321917, 0.611387, -0.722894]","[-0.842450, 0.538144, 0.026042]"
"[-0.261076, 0.232748, 0.936839]","[-0.669405, 0.442380, 0.596823]","[-0.905768, 0.382747, 0.181906]","[-0.537081, 0.296117, -0.789847]","[0.133967, 0.063654, -0.988939]","[-0.551657, 0.043987, -0.832910]","[0.242464, -0.142001, -0.959712]","[-0.261327, -0.406342, -0.875553]","[-0.426627, 0.803844, -0.414516]","[0.321920, 0.548509, -0.771690]","[-0.857408, 0.504346, -0.102403]"
"[-0.245487, 0.284401, 0.926743]","[-0.712112, 0.433883, 0.551943]","[-0.901520, 0.429918, 0.049318]","[-0.524436, 0.313220, -0.791745]","[0.131244, 0.045314, -0.990314]","[-0.554282, 0.062719, -0.829963]","[0.252775, -0.124887, -0.959431]","[-0.226669, -0.443950, -0.866908]","[-0.476542, 0.777189, -0.410955]","[0.340491, 0.513312, -0.787767]","[-0.872044, 0.472026, -0.129344]"
"[-0.252337, 0.315266, 0.914841]","[-0.760801, 0.399201, 0.511685]","[-0.919575, 0.386401, -0.071240]","[-0.537054, 0.279941, -0.795742]","[0.097615, 0.050112, -0.993962]","[-0.546274, 0.080778, -0.833702]","[0.246392, -0.085586, -0.965384]","[-0.209611, -0.445766, -0.870262]","[-0.472984, 0.699179, -0.536129]","[0.374620, 0.499519, -0.781115]","[-0.891730, 0.411554, -0.188258]"
"[-0.272861, 0.330397, 0.903540]","[-0.802928, 0.353134, 0.480211]","[-0.928384, 0.328351, -0.174035]","[-0.557803, 0.239989, -0.794520]","[0.079476, 0.017294, -0.996687]","[-0.552479, 0.083614, -0.829323]","[0.257969, -0.112986, -0.959524]","[-0.246705, -0.448194, -0.859220]","[-0.471985, 0.643641, -0.602459]","[0.386312, 0.499990, -0.775096]","[-0.904827, 0.373025, -0.205281]"
"[-0.285131, 0.354722, 0.890434]","[-0.824176, 0.339697, 0.453145]","[-0.902056, 0.341452, -0.264018]","[-0.563098, 0.229917, -0.793762]","[0.066045, -0.018528, -0.997645]","[-0.555707, 0.106489, -0.824530]","[0.268016, -0.138928, -0.953345]","[-0.204403, -0.476290, -0.855200]","[-0.451227, 0.542741, -0.708397]","[0.415905, 0.497376, -0.761341]","[-0.916618, 0.314469, -0.246820]"
"[-0.304660, 0.371181, 0.877159]","[-0.830214, 0.352671, 0.431703]","[-0.845699, 0.394410, -0.359491]","[-0.559250, 0.198073, -0.804988]","[0.041798, -0.042505, -0.998222]","[-0.524767, 0.141606, -0.839385]","[0.264681, -0.159167, -0.951110]","[-0.187291, -0.514121, -0.837019]","[-0.553084, 0.544827, -0.630286]","[0.442793, 0.483956, -0.754799]","[-0.912504, 0.329245, -0.242765]"
"[-0.331606, 0.374199, 0.866033]","[-0.824847, 0.349930, 0.444045]","[-0.779001, 0.460508, -0.425547]","[-0.567244, 0.147360, -0.810259]","[0.020277, -0.062300, -0.997851]","[-0.494989, 0.173543, -0.851392]","[0.282369, -0.165611, -0.944903]","[-0.163444, -0.487465, -0.857709]","[-0.541245, 0.498496, -0.677167]","[0.468925, 0.465640, -0.750525]","[-0.895542, 0.362518, -0.258041]"
"[-0.348653, 0.349203, 0.869769]","[-0.819253, 0.329222, 0.469508]","[-0.741560, 0.532695, -0.407829]","[-0.559061, 0.109917, -0.821808]","[0.003291, -0.039534, -0.999213]","[-0.464544, 0.187293, -0.865517]","[0.293283, -0.170074, -0.940776]","[-0.159012, -0.437348, -0.885122]","[-0.567197, 0.567635, -0.596722]","[0.479335, 0.464017, -0.744934]","[-0.875702, 0.413783, -0.248858]"
"[-0.363562, 0.300442, 0.881792]","[-0.810214, 0.310604, 0.497070]","[-0.700461, 0.622702, -0.348707]","[-0.538586, 0.089054, -0.837851]","[-0.032201, -0.028551, -0.999074]","[-0.441820, 0.187396, -0.877313]","[0.305112, -0.142705, -0.941564]","[-0.163910, -0.398172, -0.902548]","[-0.556081, 0.536814, -0.634512]","[0.498114, 0.477684, -0.723671]","[-0.841805, 0.445526, -0.304749]"
"[-0.363654, 0.246131, 0.898429]","[-0.779011, 0.337917, 0.528161]","[-0.636542, 0.723585, -0.266905]","[-0.512581, 0.081641, -0.854748]","[-0.055097, -0.042952, -0.997557]","[-0.407086, 0.174173, -0.896630]","[0.282863, -0.118350, -0.951831]","[-0.256951, -0.433089, -0.863950]","[-0.596241, 0.476952, -0.645766]","[0.492064, 0.493555, -0.717130]","[-0.843830, 0.468813, -0.261086]"
"[-0.339588, 0.205945, 0.917751]","[-0.726260, 0.368126, 0.580543]","[-0.684214, 0.719313, -0.120165]","[-0.474957, 0.068931, -0.877305]","[-0.059966, -0.014104, -0.998101]","[-0.361867, 0.171746, -0.916273]","[0.249134, -0.091633, -0.964124]","[-0.378140, -0.487735, -0.786845]","[-0.574061, 0.476849, -0.665635]","[0.508812, 0.520630, -0.685605]","[-0.827832, 0.494022, -0.265776]"
"[-0.313016, 0.173499, 0.933766]","[-0.683335, 0.342123, 0.644985]","[-0.773260, 0.623961, 0.112876]","[-0.440071, 0.077683, -0.894597]","[-0.079266, -0.011366, -0.996789]","[-0.288619, 0.147505, -0.946013]","[0.194139, -0.057814, -0.979269]","[-0.474157, -0.499161, -0.725268]","[-0.515039, 0.589011, -0.622737]","[0.558230, 0.569283, -0.603570]","[-0.790008, 0.596851, -0.140201]"
"[-0.290752, 0.132936, 0.947518]","[-0.616435, 0.295036, 0.730042]","[-0.747134, 0.538234, 0.389994]","[-0.371204, 0.152983, -0.915862]","[-0.087337, -0.019051, -0.995997]","[-0.206291, 0.081592, -0.975083]","[0.132394, 0.022231, -0.990948]","[-0.606475, -0.375507, -0.700844]","[-0.377231, 0.646581, -0.663046]","[0.624111, 0.590062, -0.512165]","[-0.745329, 0.663615, -0.064038]"
"[-0.247049, 0.088635, 0.964941]","[-0.517592, 0.260979, 0.814855]","[-0.634219, 0.389193, 0.668054]","[-0.294933, 0.173136, -0.939701]","[-0.091312, 0.003587, -0.995816]","[-0.119451, -0.017886, -0.992679]","[0.074459, 0.059935, -0.995421]","[-0.716038, -0.256427, -0.649258]","[-0.356399, 0.676246, -0.644726]","[0.655769, 0.606121, -0.450093]","[-0.665552, 0.736697, 0.119655]"
"[-0.196740, 0.045388, 0.979405]","[-0.356078, 0.239606, 0.903215]","[-0.508670, 0.285292, 0.812320]","[-0.249487, 0.189684, -0.949619]","[-0.086620, 0.031294, -0.995750]","[-0.032454, -0.129742, -0.991017]","[0.016390, 0.056947, -0.998243]","[-0.805665, -0.151412, -0.572694]","[-0.372439, 0.643335, -0.668887]","[0.717468, 0.593459, -0.364754]","[-0.400305, 0.888290, 0.225161]"
"[-0.149148, 0.034706, 0.988206]","[-0.184274, 0.167914, 0.968426]","[-0.442122, 0.150438, 0.884249]","[-0.193864, 0.245576, -0.949794]","[-0.095504, 0.019828, -0.995231]","[0.061954, -0.203796, -0.977051]","[-0.028955, 0.033350, -0.999024]","[-0.859983, -0.121745, -0.495588]","[-0.465503, 0.625585, -0.626059]","[0.731461, 0.637828, -0.241123]","[-0.188695, 0.832705, 0.520574]"
"[-0.113725, 0.039385, 0.992731]","[-0.051660, 0.052286, 0.997295]","[-0.367405, 0.050597, 0.928684]","[-0.171112, 0.275432, -0.945969]","[-0.132448, -0.012181, -0.991115]","[0.173400, -0.261674, -0.949452]","[-0.074467, 0.053014, -0.995813]","[-0.906219, -0.107605, -0.408888]","[-0.578445, 0.594374, -0.558678]","[0.787165, 0.614465, -0.052959]","[0.063500, 0.784858, 0.616414]"
"[-0.094409, -0.038186, 0.994801]","[0.026765, -0.052897, 0.998241]","[-0.306855, -0.038010, 0.950997]","[-0.169479, 0.285466, -0.943285]","[-0.190098, -0.017811, -0.981603]","[0.271143, -0.334669, -0.902484]","[-0.094685, 0.108900, -0.989533]","[-0.926696, 0.006892, -0.375750]","[-0.574498, 0.639443, -0.510946]","[0.806563, 0.585698, 0.080092]","[0.234476, 0.674761, 0.699799]"
"[-0.085217, -0.143971, 0.985906]","[0.097254, -0.152122, 0.983565]","[-0.235582, -0.092215, 0.967470]","[-0.148155, 0.288476, -0.945955]","[-0.260853, -0.032085, -0.964845]","[0.395855, -0.336611, -0.854396]","[-0.094933, 0.131408, -0.986772]","[-0.885320, 0.299443, -0.355728]","[-0.427967, 0.786241, -0.445724]","[0.816946, 0.542476, 0.195750]","[0.413835, 0.562518, 0.715761]"
"[-0.073426, -0.227462, 0.971015]","[0.168950, -0.181257, 0.968815]","[-0.190972, -0.133657, 0.972453]","[-0.151620, 0.258001, -0.954173]","[-0.292706, -0.038475, -0.955428]","[0.487631, -0.279617, -0.827061]","[-0.079963, 0.131237, -0.988121]","[-0.850549, 0.407787, -0.332079]","[-0.378007, 0.843101, -0.382480]","[0.829799, 0.475287, 0.292464]","[0.473651, 0.518006, 0.712268]"
"[-0.052760, -0.270988, 0.961136]","[0.225769, -0.163640, 0.960339]","[-0.191007, -0.147971, 0.970372]","[-0.194890, 0.199013, -0.960423]","[-0.303710, -0.036040, -0.952083]","[0.521702, -0.231970, -0.820985]","[-0.084000, 0.074053, -0.993710]","[-0.843128, 0.441735, -0.306602]","[-0.333841, 0.866058, -0.372148]","[0.846826, 0.381329, 0.370775]","[0.534599, 0.490825, 0.687965]"
"[-0.030429, -0.266341, 0.963398]","[0.243773, -0.153148, 0.957664]","[-0.204572, -0.212468, 0.955515]","[-0.223428, 0.182408, -0.957501]","[-0.312700, -0.073362, -0.947015]","[0.532528, -0.174376, -0.828256]","[-0.090297, -0.020801, -0.995698]","[-0.835079, 0.474466, -0.278435]","[-0.249062, 0.877017, -0.410864]","[0.860591, 0.312990, 0.401773]","[0.562580, 0.468157, 0.681419]"
"[0.008166, -0.236759, 0.971534]","[0.232559, -0.126975, 0.964258]","[-0.199943, -0.267393, 0.942615]","[-0.246893, 0.205863, -0.946924]","[-0.331004, -0.150453, -0.931558]","[0.503575, -0.119471, -0.855651]","[-0.104271, -0.084083, -0.990988]","[-0.834480, 0.487490, -0.256897]","[-0.264465, 0.874079, -0.407485]","[0.859863, 0.266748, 0.435294]","[0.601632, 0.435199, 0.669807]"
"[0.057731, -0.206621, 0.976717]","[0.202666, -0.105543, 0.973544]","[-0.195673, -0.305002, 0.932033]","[-0.291837, 0.207622, -0.933662]","[-0.327840, -0.209491, -0.921214]","[0.475276, -0.098200, -0.874339]","[-0.135049, -0.122238, -0.983270]","[-0.864578, 0.437005, -0.248056]","[-0.361910, 0.840609, -0.402986]","[0.866808, 0.199301, 0.457081]","[0.634526, 0.368818, 0.679227]"
"[0.097659, -0.182198, 0.978400]","[0.145510, -0.138748, 0.979579]","[-0.190333, -0.333816, 0.923223]","[-0.330750, 0.207559, -0.920611]","[-0.347344, -0.250165, -0.903753]","[0.423290, -0.089300, -0.901583]","[-0.134552, -0.154805, -0.978740]","[-0.867273, 0.431277, -0.248671]","[-0.459145, 0.799853, -0.386549]","[0.883185, 0.237259, 0.404590]","[0.634646, 0.285286, 0.718218]"
"[0.129440, -0.150942, 0.980032]","[0.094873, -0.169647, 0.980928]","[-0.175577, -0.370505, 0.912085]","[-0.356259, 0.177525, -0.917368]","[-0.377760, -0.272906, -0.884771]","[0.367979, -0.092040, -0.925267]","[-0.124959, -0.177963, -0.976071]","[-0.869817, 0.422453, -0.254856]","[-0.510300, 0.788664, -0.342934]","[0.887598, 0.307001, 0.343394]","[0.658965, 0.275627, 0.699854]"
"[0.148123, -0.121042, 0.981534]","[0.062394, -0.185286, 0.980702]","[-0.147225, -0.371344, 0.916749]","[-0.357542, 0.153370, -0.921217]","[-0.394612, -0.268016, -0.878891]","[0.311356, -0.096174, -0.945414]","[-0.097733, -0.178078, -0.979151]","[-0.890472, 0.368363, -0.267148]","[-0.509014, 0.801601, -0.313593]","[0.884223, 0.386082, 0.262849]","[0.631365, 0.340233, 0.696864]"
"[0.174319, -0.100608, 0.979536]","[0.026622, -0.208075, 0.977751]","[-0.097665, -0.330460, 0.938753]","[-0.338181, 0.151450, -0.928815]","[-0.390044, -0.206326, -0.897383]","[0.249319, -0.118997, -0.961083]","[-0.066206, -0.178397, -0.981729]","[-0.924584, 0.294086, -0.242195]","[-0.540532, 0.788709, -0.292854]","[0.868992, 0.467297, 0.162750]","[0.602750, 0.449792, 0.659075]"
"[0.188529, -0.079135, 0.978874]","[0.014671, -0.203285, 0.979010]","[-0.073210, -0.285817, 0.955484]","[-0.367124, 0.112890, -0.923296]","[-0.407696, -0.156929, -0.899532]","[0.220238, -0.115578, -0.968575]","[-0.069709, -0.172975, -0.982456]","[-0.937813, 0.269157, -0.219230]","[-0.609197, 0.745052, -0.271618]","[0.885245, 0.430097, 0.177084]","[0.624770, 0.513503, 0.588198]"
"[0.168723, -0.066038, 0.983449]","[0.047056, -0.168776, 0.984530]","[-0.089614, -0.251016, 0.963826]","[-0.398546, 0.115136, -0.909893]","[-0.432366, -0.137173, -0.891203]","[0.201474, -0.116455, -0.972546]","[-0.066966, -0.163841, -0.984211]","[-0.951354, 0.243936, -0.188206]","[-0.700862, 0.682795, -0.206360]","[0.783812, 0.602784, 0.149297]","[0.658870, 0.439853, 0.610261]"
"[0.128035, -0.055333, 0.990225]","[0.084493, -0.144908, 0.985831]","[-0.103092, -0.267314, 0.958079]","[-0.425526, 0.104903, -0.898845]","[-0.432614, -0.147498, -0.889432]","[0.205295, -0.100589, -0.973517]","[-0.053812, -0.112085, -0.992240]","[-0.977894, 0.166790, -0.126112]","[-0.726285, 0.668760, -0.158965]","[0.644757, 0.763526, 0.036277]","[0.653492, 0.369696, 0.660510]"
"[0.070409, -0.060378, 0.995689]","[0.114528, -0.111383, 0.987156]","[-0.124397, -0.327953, 0.936468]","[-0.412387, 0.108588, -0.904514]","[-0.428912, -0.129176, -0.894063]","[0.218050, -0.072953, -0.973207]","[-0.037193, -0.037630, -0.998599]","[-0.987204, 0.142607, -0.071358]","[-0.650210, 0.747820, -0.134137]","[0.559591, 0.825787, -0.070236]","[0.613429, 0.400549, 0.680636]"
"[0.020322, -0.082886, 0.996352]","[0.083236, -0.058370, 0.994819]","[-0.131034, -0.341725, 0.930620]","[-0.397150, 0.105908, -0.911622]","[-0.400764, -0.074482, -0.913149]","[0.193358, -0.058343, -0.979392]","[-0.037813, -0.023050, -0.999019]","[-0.979244, 0.198130, -0.042735]","[-0.562100, 0.817022, -0.128525]","[0.606320, 0.781744, -0.145778]","[0.542054, 0.442966, 0.714114]"
"[-0.009571, -0.099700, 0.994972]","[0.026273, -0.009479, 0.999610]","[-0.132400, -0.274988, 0.952288]","[-0.381278, 0.114778, -0.917308]","[-0.367234, -0.018277, -0.929949]","[0.155513, -0.008273, -0.987799]","[-0.019006, -0.077140, -0.996839]","[-0.973112, 0.220512, -0.066533]","[-0.457527, 0.888612, -0.032215]","[0.606383, 0.754763, -0.250264]","[0.470377, 0.401584, 0.785796]"
"[-0.030056, -0.101586, 0.994373]","[-0.025787, 0.017405, 0.999516]","[-0.148200, -0.206559, 0.967145]","[-0.372305, 0.147299, -0.916347]","[-0.330500, 0.005556, -0.943790]","[0.133899, 0.005524, -0.990980]","[0.010084, -0.073132, -0.997271]","[-0.944952, 0.296144, -0.139156]","[-0.333043, 0.942898, -0.005079]","[0.648278, 0.712748, -0.267817]","[0.403584, 0.283729, 0.869838]"
"[-0.048047, -0.090842, 0.994706]","[-0.078030, 0.040414, 0.996132]","[-0.205045, -0.159118, 0.965732]","[-0.333158, 0.206294, -0.920026]","[-0.297516, 0.009287, -0.954672]","[0.109754, -0.016567, -0.993821]","[0.030205, -0.048347, -0.998374]","[-0.900249, 0.341523, -0.270025]","[-0.209287, 0.975340, 0.070081]","[0.560619, 0.742046, -0.367524]","[0.219739, 0.202729, 0.954262]"
"[-0.071044, -0.051270, 0.996155]","[-0.179118, 0.040157, 0.983008]","[-0.268194, -0.106339, 0.957478]","[-0.310174, 0.218022, -0.925342]","[-0.274184, -0.007495, -0.961648]","[0.014879, -0.082491, -0.996481]","[0.025405, -0.065418, -0.997535]","[-0.849353, 0.285601, -0.443882]","[-0.113190, 0.989381, 0.091181]","[0.459589, 0.802004, -0.381532]","[0.052488, 0.068641, 0.996260]"
"[-0.069728, -0.005356, 0.997552]","[-0.270904, 0.059862, 0.960743]","[-0.395910, -0.089413, 0.913926]","[-0.274887, 0.216750, -0.936727]","[-0.271363, -0.037356, -0.961752]","[-0.067117, -0.156177, -0.985446]","[0.015891, -0.080208, -0.996651]","[-0.820118, 0.065329, -0.568453]","[-0.192650, 0.978551, 0.072962]","[0.315818, 0.847144, -0.427325]","[-0.251842, 0.160127, 0.954429]"
"[-0.094109, 0.018384, 0.995392]","[-0.329791, 0.115737, 0.936933]","[-0.519962, -0.067090, 0.851551]","[-0.253781, 0.206622, -0.944935]","[-0.251795, -0.046456, -0.966665]","[-0.128672, -0.173657, -0.976364]","[0.011051, -0.110778, -0.993784]","[-0.764811, -0.174399, -0.620201]","[-0.341514, 0.939358, 0.031214]","[0.257345, 0.892212, -0.371121]","[-0.455333, 0.278689, 0.845579]"
"[-0.112347, 0.062391, 0.991708]","[-0.399913, 0.146283, 0.904804]","[-0.627979, -0.017919, 0.778024]","[-0.265456, 0.217725, -0.939217]","[-0.212499, -0.051859, -0.975784]","[-0.181373, -0.178337, -0.967109]","[0.020290, -0.115745, -0.993072]","[-0.690363, -0.265104, -0.673141]","[-0.436980, 0.892269, 0.113599]","[0.185709, 0.900716, -0.392712]","[-0.624634, 0.338908, 0.703544]"
"[-0.138589, 0.141291, 0.980219]","[-0.475863, 0.181675, 0.860552]","[-0.721761, 0.094869, 0.685610]","[-0.276338, 0.216840, -0.936279]","[-0.178148, -0.058179, -0.982282]","[-0.207496, -0.147448, -0.967060]","[0.028482, -0.071190, -0.997056]","[-0.601841, -0.295208, -0.742051]","[-0.506234, 0.859020, 0.076231]","[0.150873, 0.874572, -0.460826]","[-0.749020, 0.388963, 0.536355]"
"[-0.176273, 0.194456, 0.964943]","[-0.548887, 0.233947, 0.802491]","[-0.801671, 0.242197, 0.546502]","[-0.300491, 0.231801, -0.925188]","[-0.115108, -0.038162, -0.992620]","[-0.210008, -0.103302, -0.972227]","[0.024017, -0.040049, -0.998909]","[-0.525703, -0.260843, -0.809690]","[-0.489832, 0.870031, 0.055766]","[0.061225, 0.838561, -0.541356]","[-0.883982, 0.346308, 0.314081]"
"[-0.209957, 0.226011, 0.951229]","[-0.605371, 0.306545, 0.734545]","[-0.816814, 0.376463, 0.437139]","[-0.315633, 0.240782, -0.917824]","[-0.064548, -0.001208, -0.997914]","[-0.215579, -0.059422, -0.974677]","[0.027494, 0.003026, -0.999617]","[-0.463349, -0.244284, -0.851841]","[-0.478229, 0.877465, -0.036785]","[0.063965, 0.811988, -0.580159]","[-0.935098, 0.342856, 0.089676]"
"[-0.230623, 0.224637, 0.946758]","[-0.646943, 0.363283, 0.670440]","[-0.878351, 0.353575, 0.321689]","[-0.321241, 0.247190, -0.914167]","[-0.028406, 0.014841, -0.999486]","[-0.210976, -0.018816, -0.977310]","[0.041283, 0.027951, -0.998756]","[-0.426259, -0.201808, -0.881803]","[-0.517947, 0.852910, -0.065388]","[0.042508, 0.772945, -0.633047]","[-0.895580, 0.437688, -0.079789]"
"[-0.259096, 0.200758, 0.944757]","[-0.681132, 0.381236, 0.625074]","[-0.928467, 0.251513, 0.273296]","[-0.315727, 0.228113, -0.921022]","[0.021571, 0.048953, -0.998568]","[-0.206978, 0.015289, -0.978226]","[0.059256, 0.043565, -0.997292]","[-0.361194, -0.187763, -0.913392]","[-0.588395, 0.790663, -0.169245]","[0.111119, 0.779499, -0.616469]","[-0.854520, 0.449961, -0.259480]"
"[-0.253615, 0.201520, 0.946081]","[-0.674830, 0.407692, 0.615136]","[-0.973206, 0.179424, 0.143796]","[-0.301637, 0.204295, -0.931278]","[0.037622, 0.041108, -0.998446]","[-0.199458, 0.026298, -0.979553]","[0.060465, 0.028783, -0.997755]","[-0.359225, -0.179059, -0.915912]","[-0.631531, 0.743895, -0.218605]","[0.116998, 0.752779, -0.647793]","[-0.858999, 0.414752, -0.300170]"
"[-0.255455, 0.214096, 0.942818]","[-0.679150, 0.433591, 0.592245]","[-0.984011, 0.177428, 0.015555]","[-0.266031, 0.182135, -0.946602]","[0.025721, 0.031930, -0.999159]","[-0.197876, 0.011395, -0.980161]","[0.046046, 0.011041, -0.998878]","[-0.371789, -0.151347, -0.915897]","[-0.615872, 0.747345, -0.249353]","[0.187842, 0.738193, -0.647909]","[-0.900741, 0.327865, -0.284906]"
"[-0.266777, 0.199418, 0.942901]","[-0.685584, 0.457936, 0.565923]","[-0.970712, 0.229062, -0.072443]","[-0.243730, 0.164138, -0.955853]","[0.019205, 0.043110, -0.998886]","[-0.203173, 0.002470, -0.979140]","[0.047568, 0.015927, -0.998741]","[-0.380172, -0.116363, -0.917567]","[-0.597607, 0.778397, -0.192258]","[0.226907, 0.722802, -0.652741]","[-0.923778, 0.263869, -0.277503]"
"[-0.278789, 0.199743, 0.939351]","[-0.718615, 0.446461, 0.533165]","[-0.971356, 0.213370, -0.104599]","[-0.223648, 0.133323, -0.965508]","[0.016773, 0.067757, -0.997561]","[-0.195065, -0.007279, -0.980763]","[0.042721, 0.016206, -0.998956]","[-0.429711, -0.158878, -0.888879]","[-0.574822, 0.798906, -0.177001]","[0.278930, 0.749824, -0.599968]","[-0.941408, 0.173036, -0.289501]"
"[-0.256790, 0.242955, 0.935432]","[-0.736607, 0.424840, 0.526233]","[-0.979114, 0.151649, -0.135417]","[-0.212689, 0.123918, -0.969231]","[0.022065, 0.090593, -0.995644]","[-0.185339, -0.030997, -0.982186]","[0.031743, -0.014510, -0.999391]","[-0.498841, -0.177704, -0.848280]","[-0.544693, 0.820462, -0.173640]","[0.293099, 0.728311, -0.619399]","[-0.932676, 0.223915, -0.282804]"
"[-0.242307, 0.323355, 0.914729]","[-0.746288, 0.390287, 0.539194]","[-0.969928, 0.206859, -0.128253]","[-0.204011, 0.145208, -0.968140]","[0.038896, 0.102708, -0.993951]","[-0.196111, -0.006068, -0.980563]","[0.022241, -0.031227, -0.999265]","[-0.554685, -0.173040, -0.813868]","[-0.585947, 0.774276, -0.239085]","[0.324305, 0.743458, -0.584890]","[-0.889439, 0.321387, -0.324975]"
"[-0.239371, 0.360942, 0.901345]","[-0.727768, 0.385359, 0.567320]","[-0.910424, 0.380066, -0.163333]","[-0.229873, 0.199255, -0.952605]","[0.053937, 0.091010, -0.994388]","[-0.204029, 0.028224, -0.978558]","[0.026556, -0.019204, -0.999463]","[-0.605642, -0.193371, -0.771885]","[-0.652504, 0.708584, -0.268604]","[0.302681, 0.737274, -0.603996]","[-0.873919, 0.397066, -0.280366]"
"[-0.263959, 0.351930, 0.898037]","[-0.718858, 0.346712, 0.602523]","[-0.855617, 0.478766, -0.196729]","[-0.263750, 0.197880, -0.944076]","[0.044356, 0.062122, -0.997082]","[-0.206673, 0.018262, -0.978240]","[0.025953, 0.029221, -0.999236]","[-0.654451, -0.148770, -0.741324]","[-0.628421, 0.713969, -0.308766]","[0.290636, 0.741538, -0.604692]","[-0.873327, 0.432822, -0.223528]"
"[-0.276187, 0.294460, 0.914885]","[-0.685157, 0.328128, 0.650301]","[-0.846172, 0.516049, -0.132987]","[-0.300636, 0.196577, -0.933261]","[0.022329, 0.012312, -0.999675]","[-0.202150, 0.008968, -0.979313]","[0.019378, 0.039523, -0.999031]","[-0.718815, -0.069722, -0.691697]","[-0.571543, 0.780247, -0.254073]","[0.270642, 0.736601, -0.619816]","[-0.861345, 0.462009, -0.211266]"
"[-0.261691, 0.240302, 0.934758]","[-0.636155, 0.360110, 0.682369]","[-0.866606, 0.498973, 0.004349]","[-0.328465, 0.203278, -0.922382]","[0.024653, 0.005605, -0.999680]","[-0.216439, -0.029269, -0.975857]","[0.010203, 0.049496, -0.998722]","[-0.782489, -0.093353, -0.615627]","[-0.533183, 0.814297, -0.229424]","[0.260715, 0.731438, -0.630100]","[-0.888148, 0.447479, -0.104674]"
"[-0.236211, 0.206901, 0.949419]","[-0.587673, 0.378691, 0.715006]","[-0.894970, 0.432363, 0.109957]","[-0.374772, 0.176237, -0.910213]","[0.010926, 0.032355, -0.999417]","[-0.245591, -0.067835, -0.966997]","[0.011413, 0.046309, -0.998862]","[-0.803773, -0.166762, -0.571086]","[-0.545159, 0.808770, -0.220665]","[0.289215, 0.714418, -0.637151]","[-0.918481, 0.393809, 0.036165]"
"[-0.215648, 0.164240, 0.962560]","[-0.551207, 0.349349, 0.757711]","[-0.896080, 0.384416, 0.221958]","[-0.406031, 0.179938, -0.895969]","[-0.026237, 0.040172, -0.998848]","[-0.249626, -0.085546, -0.964556]","[-0.009381, 0.057865, -0.998280]","[-0.812076, -0.198999, -0.548573]","[-0.522691, 0.816095, -0.246543]","[0.344756, 0.737281, -0.580999]","[-0.908201, 0.392130, 0.146304]"
"[-0.203977, 0.100126, 0.973842]","[-0.527171, 0.300386, 0.794896]","[-0.910136, 0.333871, 0.245320]","[-0.407825, 0.251386, -0.877772]","[-0.058187, 0.030280, -0.997846]","[-0.215530, -0.060489, -0.974622]","[-0.031772, 0.052742, -0.998103]","[-0.815293, -0.170707, -0.553314]","[-0.465166, 0.825489, -0.319670]","[0.434381, 0.747673, -0.502293]","[-0.888330, 0.433156, 0.152467]"
"[-0.175524, 0.081121, 0.981127]","[-0.483581, 0.276832, 0.830369]","[-0.933852, 0.167634, 0.315941]","[-0.364595, 0.318838, -0.874879]","[-0.107825, 0.023023, -0.993903]","[-0.163410, -0.044261, -0.985565]","[-0.038926, 0.051488, -0.997915]","[-0.836592, -0.117445, -0.535089]","[-0.408199, 0.819684, -0.401860]","[0.537135, 0.732078, -0.418985]","[-0.814191, 0.547308, 0.193770]"
"[-0.156836, 0.079421, 0.984426]","[-0.446491, 0.229710, 0.864800]","[-0.891038, -0.068960, 0.448660]","[-0.353858, 0.352404, -0.866369]","[-0.134443, 0.051088, -0.989604]","[-0.110294, -0.012065, -0.993826]","[-0.008016, 0.084083, -0.996426]","[-0.820732, -0.062664, -0.567867]","[-0.383181, 0.793632, -0.472569]","[0.619322, 0.701153, -0.353305]","[-0.696747, 0.648514, 0.306551]"
"[-0.140185, 0.074263, 0.987336]","[-0.432338, 0.177855, 0.883997]","[-0.815695, -0.178159, 0.550364]","[-0.336567, 0.353526, -0.872778]","[-0.145744, 0.086555, -0.985529]","[-0.069342, 0.037820, -0.996876]","[0.013093, 0.070659, -0.997415]","[-0.799671, 0.012657, -0.600305]","[-0.414591, 0.748480, -0.517582]","[0.685496, 0.680862, -0.257917]","[-0.596339, 0.599727, 0.533581]"
"[-0.106487, 0.099062, 0.989367]","[-0.384087, 0.161100, 0.909134]","[-0.687208, -0.228830, 0.689480]","[-0.338447, 0.314972, -0.886705]","[-0.148844, 0.114704, -0.982186]","[-0.024355, 0.077136, -0.996723]","[0.004630, 0.049745, -0.998751]","[-0.780845, 0.021961, -0.624338]","[-0.483131, 0.657957, -0.577648]","[0.744656, 0.651099, -0.146827]","[-0.420177, 0.663206, 0.619362]"
"[-0.051019, 0.109443, 0.992683]","[-0.320574, 0.135208, 0.937524]","[-0.611963, -0.217722, 0.760328]","[-0.329762, 0.314947, -0.889981]","[-0.134461, 0.129128, -0.982469]","[0.031973, 0.077104, -0.996510]","[-0.022083, 0.018058, -0.999593]","[-0.791669, 0.036668, -0.609849]","[-0.492650, 0.550747, -0.673775]","[0.760147, 0.648035, -0.047204]","[-0.191310, 0.675250, 0.712347]"
"[-0.027717, 0.069676, 0.997185]","[-0.270478, 0.108127, 0.956635]","[-0.524716, -0.246598, 0.814777]","[-0.293788, 0.309964, -0.904218]","[-0.164661, 0.087493, -0.982462]","[0.067712, 0.051308, -0.996385]","[-0.051044, 0.017142, -0.998549]","[-0.808773, -0.056279, -0.585421]","[-0.534444, 0.442724, -0.719976]","[0.750879, 0.656288, 0.073945]","[0.027687, 0.759205, 0.650262]"
"[-0.031920, -0.020389, 0.999282]","[-0.187281, 0.114252, 0.975639]","[-0.456808, -0.272496, 0.846801]","[-0.265115, 0.281585, -0.922184]","[-0.172045, 0.064704, -0.982962]","[0.116271, 0.046319, -0.992137]","[-0.089552, 0.004244, -0.995973]","[-0.786308, -0.063874, -0.614524]","[-0.383637, 0.450139, -0.806348]","[0.751121, 0.638355, 0.168283]","[0.185620, 0.772500, 0.607280]"
"[-0.022136, -0.075722, 0.996883]","[-0.119298, 0.091702, 0.988615]","[-0.382513, -0.326279, 0.864422]","[-0.231256, 0.272754, -0.933877]","[-0.171693, 0.079610, -0.981928]","[0.167512, 0.037320, -0.985163]","[-0.130702, -0.028667, -0.991007]","[-0.798455, -0.098373, -0.593963]","[-0.166499, 0.596089, -0.785465]","[0.773730, 0.578214, 0.258866]","[0.291412, 0.712893, 0.637857]"
"[0.007697, -0.080473, 0.996727]","[-0.069728, 0.022291, 0.997317]","[-0.328874, -0.363829, 0.871476]","[-0.192254, 0.273258, -0.942533]","[-0.149173, 0.149784, -0.977401]","[0.232363, 0.035166, -0.971993]","[-0.142789, -0.031225, -0.989260]","[-0.819528, -0.061620, -0.569717]","[-0.084824, 0.718516, -0.690319]","[0.811603, 0.471299, 0.345221]","[0.320317, 0.622625, 0.713958]"
"[0.041195, -0.095751, 0.994553]","[-0.027013, -0.030005, 0.999185]","[-0.264747, -0.384776, 0.884226]","[-0.154697, 0.268711, -0.950717]","[-0.128623, 0.198551, -0.971614]","[0.292354, 0.048287, -0.955090]","[-0.159645, -0.057756, -0.985483]","[-0.784755, -0.037634, -0.618663]","[-0.059424, 0.798642, -0.598866]","[0.858774, 0.315955, 0.403336]","[0.339804, 0.486870, 0.804668]"
"[0.071690, -0.122835, 0.989834]","[0.022801, -0.039350, 0.998965]","[-0.278879, -0.363379, 0.888922]","[-0.116796, 0.229501, -0.966275]","[-0.124549, 0.220759, -0.967343]","[0.325386, 0.013985, -0.945478]","[-0.209354, -0.142430, -0.967411]","[-0.717312, 0.116124, -0.687007]","[-0.053113, 0.807448, -0.587543]","[0.885961, 0.112242, 0.449973]","[0.400065, 0.374713, 0.836384]"
"[0.097496, -0.117591, 0.988265]","[0.073211, -0.055482, 0.995772]","[-0.281868, -0.369709, 0.885362]","[-0.088229, 0.155761, -0.983847]","[-0.139225, 0.218548, -0.965843]","[0.339489, -0.026588, -0.940234]","[-0.232976, -0.216357, -0.948109]","[-0.672965, 0.299856, -0.676169]","[-0.015616, 0.806304, -0.591296]","[0.862922, -0.137548, 0.486258]","[0.451435, 0.251371, 0.856165]"
"[0.103792, -0.106330, 0.988899]","[0.139048, -0.039286, 0.989506]","[-0.293548, -0.379248, 0.877497]","[-0.088636, 0.099769, -0.991055]","[-0.154332, 0.201595, -0.967234]","[0.351685, -0.050312, -0.934765]","[-0.229738, -0.249561, -0.940712]","[-0.629033, 0.387797, -0.673744]","[0.044025, 0.867668, -0.495190]","[0.830373, -0.337210, 0.443588]","[0.477170, 0.096067, 0.873544]"
"[0.093631, -0.118364, 0.988546]","[0.185646, -0.034279, 0.982019]","[-0.307412, -0.344265, 0.887119]","[-0.070704, 0.111329, -0.991265]","[-0.176656, 0.142795, -0.973859]","[0.330661, -0.040618, -0.942875]","[-0.230649, -0.287946, -0.929456]","[-0.694133, 0.398361, -0.599572]","[0.090686, 0.882547, -0.461396]","[0.859313, -0.338454, 0.383444]","[0.481560, -0.081689, 0.872598]"
"[0.131434, -0.110034, 0.985199]","[0.192966, -0.060576, 0.979334]","[-0.278481, -0.309117, 0.909337]","[-0.039772, 0.105863, -0.993585]","[-0.215396, 0.097542, -0.971643]","[0.323140, -0.041488, -0.945441]","[-0.245545, -0.318667, -0.915510]","[-0.740682, 0.408380, -0.533494]","[0.061904, 0.877746, -0.475110]","[0.882217, -0.316270, 0.348807]","[0.524848, -0.087825, 0.846653]"
"[0.180754, -0.096936, 0.978740]","[0.195894, -0.061088, 0.978720]","[-0.250398, -0.270720, 0.929522]","[-0.056406, 0.014362, -0.998305]","[-0.290065, 0.012336, -0.956927]","[0.336745, -0.022717, -0.941322]","[-0.288925, -0.331772, -0.898025]","[-0.674262, 0.503173, -0.540544]","[0.036549, 0.897954, -0.438569]","[0.753204, -0.498065, 0.429669]","[0.673744, -0.055860, 0.736850]"
"[0.195299, -0.117490, 0.973681]","[0.216053, -0.042347, 0.975463]","[-0.255599, -0.251615, 0.933466]","[-0.076505, -0.028115, -0.996673]","[-0.320504, -0.045001, -0.946178]","[0.392278, 0.043787, -0.918804]","[-0.325260, -0.330782, -0.885883]","[-0.757229, 0.340456, -0.557399]","[0.035285, 0.892591, -0.449485]","[0.533568, -0.711203, 0.457708]","[0.781872, -0.012722, 0.623310]"
"[0.184778, -0.113798, 0.976170]","[0.250616, -0.019922, 0.967881]","[-0.240086, -0.218166, 0.945919]","[-0.124615, -0.095089, -0.987638]","[-0.360060, -0.055011, -0.931306]","[0.429713, 0.085813, -0.898879]","[-0.338112, -0.278433, -0.898975]","[-0.782979, 0.222867, -0.580753]","[0.102861, 0.889046, -0.446114]","[0.726830, -0.674900, 0.127392]","[0.886476, 0.057109, 0.459238]"
"[0.181716, -0.099050, 0.978350]","[0.268090, -0.012413, 0.963314]","[-0.255226, -0.183478, 0.949313]","[-0.168008, -0.143194, -0.975330]","[-0.400753, -0.012025, -0.916107]","[0.410470, 0.046440, -0.910691]","[-0.318358, -0.248128, -0.914921]","[-0.542053, 0.491010, -0.681973]","[0.220531, 0.876776, -0.427351]","[0.725033, -0.362057, -0.585868]","[0.934274, -0.180731, 0.307359]"
"[0.191019, -0.080890, 0.978248]","[0.253675, -0.037064, 0.966579]","[-0.235802, -0.177395, 0.955473]","[-0.168257, -0.113954, -0.979134]","[-0.448688, 0.049495, -0.892317]","[0.378958, -0.016186, -0.925273]","[-0.301313, -0.213626, -0.929287]","[-0.277852, 0.526641, -0.803397]","[0.352453, 0.831480, -0.429439]","[0.594062, -0.409316, -0.692496]","[0.804198, -0.540106, 0.248093]"
"[0.186506, -0.077576, 0.979386]","[0.214786, -0.049568, 0.975403]","[-0.204096, -0.189078, 0.960518]","[-0.185228, -0.065890, -0.980484]","[-0.480976, 0.052114, -0.875184]","[0.356931, -0.098550, -0.928918]","[-0.310279, -0.137935, -0.940586]","[-0.043763, 0.473368, -0.879777]","[0.449854, 0.753579, -0.479322]","[0.367889, -0.703155, -0.608466]","[0.745061, -0.639510, 0.189504]"
"[0.159126, -0.100797, 0.982099]","[0.170851, -0.001060, 0.985296]","[-0.133784, -0.248042, 0.959467]","[-0.227960, -0.061356, -0.971735]","[-0.500618, -0.046248, -0.864432]","[0.321542, -0.145463, -0.935655]","[-0.316838, -0.099281, -0.943269]","[0.554417, 0.005148, -0.832223]","[0.763996, 0.574401, -0.293893]","[0.192620, -0.865836, -0.461763]","[0.784044, -0.604526, 0.140798]"
"[0.131950, -0.078433, 0.988149]","[0.181535, 0.056633, 0.981752]","[-0.130761, -0.283617, 0.949981]","[-0.282951, -0.115724, -0.952128]","[-0.521872, -0.076687, -0.849570]","[0.334898, -0.166407, -0.927444]","[-0.330815, -0.078001, -0.940466]","[0.642955, -0.444025, -0.624060]","[0.793709, 0.596293, -0.120255]","[-0.027944, -0.913464, -0.405959]","[0.691150, -0.721134, -0.047718]"
"[0.085833, -0.036646, 0.995635]","[0.174647, 0.062693, 0.982633]","[-0.124184, -0.279810, 0.951990]","[-0.334096, -0.174372, -0.926269]","[-0.535054, -0.006939, -0.844789]","[0.361648, -0.117724, -0.924852]","[-0.342413, -0.068012, -0.937085]","[0.860419, -0.434570, -0.266136]","[0.839246, 0.543751, -0.000267]","[-0.157172, -0.841865, -0.516294]","[0.505436, -0.836111, -0.213199]"
"[0.043623, 0.020068, 0.998846]","[0.147288, 0.039149, 0.988319]","[-0.113035, -0.292182, 0.949659]","[-0.346415, -0.153683, -0.925407]","[-0.520361, 0.096255, -0.848504]","[0.387263, -0.065273, -0.919656]","[-0.346864, -0.061946, -0.935868]","[0.886560, -0.462409, -0.013744]","[0.904660, 0.422659, 0.054312]","[-0.351093, -0.664178, -0.660001]","[0.248112, -0.887590, -0.388104]"
"[0.036230, 0.064704, 0.997247]","[0.102633, 0.024494, 0.994418]","[-0.140873, -0.336217, 0.931189]","[-0.329605, -0.102330, -0.938557]","[-0.532373, 0.171244, -0.829008]","[0.375132, -0.032236, -0.926411]","[-0.336961, -0.076151, -0.938434]","[0.852817, -0.458203, 0.250508]","[0.928934, 0.364685, 0.063922]","[-0.538660, -0.393647, -0.744908]","[0.069762, -0.854722, -0.514377]"
"[0.038051, 0.120814, 0.991946]","[0.051132, 0.017087, 0.998546]","[-0.185940, -0.383366, 0.904686]","[-0.329647, -0.039345, -0.943284]","[-0.534500, 0.169797, -0.827936]","[0.333258, -0.042815, -0.941863]","[-0.327029, -0.057385, -0.943270]","[0.864056, -0.415194, 0.284644]","[0.911388, 0.394308, 0.117864]","[-0.557736, -0.378658, -0.738613]","[-0.070975, -0.835293, -0.545204]"
"[0.035161, 0.147894, 0.988378]","[0.032838, 0.020237, 0.999256]","[-0.191203, -0.392791, 0.899531]","[-0.317617, 0.013209, -0.948127]","[-0.541623, 0.168061, -0.823651]","[0.289846, -0.035233, -0.956425]","[-0.319937, -0.099611, -0.942188]","[0.919559, -0.304587, 0.248271]","[0.825789, 0.554118, 0.105005]","[-0.610128, -0.323334, -0.723325]","[-0.145118, -0.858892, -0.491167]"
"[0.009562, 0.152464, 0.988263]","[0.009431, -0.012879, 0.999873]","[-0.204506, -0.367289, 0.907346]","[-0.318685, 0.063013, -0.945764]","[-0.530166, 0.147067, -0.835042]","[0.269400, -0.052619, -0.961590]","[-0.311563, -0.120024, -0.942615]","[0.941788, -0.241261, 0.234153]","[0.750511, 0.657011, 0.071204]","[-0.643105, -0.291038, -0.708316]","[-0.300150, -0.843661, -0.445136]"
"[-0.016049, 0.157995, 0.987309]","[-0.020470, -0.019213, 0.999606]","[-0.185429, -0.344245, 0.920387]","[-0.338261, 0.111850, -0.934382]","[-0.519072, 0.138869, -0.843374]","[0.242498, -0.039191, -0.969360]","[-0.295198, -0.151155, -0.943404]","[0.959063, -0.184620, 0.214742]","[0.673891, 0.738634, 0.017046]","[-0.670273, -0.204392, -0.713413]","[-0.276985, -0.757394, -0.591298]"
"[-0.019877, 0.154175, 0.987844]","[-0.051881, 0.017547, 0.998499]","[-0.170121, -0.359903, 0.917349]","[-0.322520, 0.169343, -0.931292]","[-0.506842, 0.145602, -0.849654]","[0.237267, -0.027151, -0.971065]","[-0.287014, -0.188232, -0.939251]","[0.934986, -0.215212, 0.281931]","[0.589907, 0.801877, 0.094883]","[-0.657136, 0.026603, -0.753303]","[-0.417732, -0.407044, -0.812290]"
"[-0.024216, 0.145126, 0.989117]","[-0.036615, 0.082710, 0.995901]","[-0.153009, -0.372011, 0.915531]","[-0.300343, 0.167485, -0.939012]","[-0.502870, 0.125593, -0.855189]","[0.232345, -0.019109, -0.972446]","[-0.297156, -0.225741, -0.927760]","[0.877569, -0.154632, 0.453829]","[0.417850, 0.905295, 0.076439]","[-0.674607, 0.204091, -0.709403]","[-0.395603, -0.414714, -0.819458]"
"[-0.025242, 0.120503, 0.992392]","[-0.017662, 0.135277, 0.990650]","[-0.170155, -0.341895, 0.924205]","[-0.282564, 0.126301, -0.950897]","[-0.509717, 0.064432, -0.857926]","[0.258912, -0.029743, -0.965443]","[-0.315870, -0.275423, -0.907947]","[0.742165, -0.159115, 0.651055]","[0.283338, 0.956235, 0.073035]","[-0.699613, 0.236556, -0.674228]","[-0.541952, -0.393456, -0.742617]"
"[-0.026244, 0.101103, 0.994530]","[0.009676, 0.145618, 0.989294]","[-0.207432, -0.269040, 0.940526]","[-0.249770, 0.086726, -0.964414]","[-0.523111, 0.043516, -0.851153]","[0.280905, -0.014124, -0.959632]","[-0.329516, -0.340630, -0.880563]","[0.602770, -0.156316, 0.782454]","[0.121128, 0.991855, 0.039395]","[-0.741596, 0.415611, -0.526596]","[-0.487064, -0.590273, -0.643697]"
"[-0.011783, 0.114741, 0.993326]","[0.020115, 0.106734, 0.994084]","[-0.271222, -0.210247, 0.939274]","[-0.213629, 0.090887, -0.972678]","[-0.525481, 0.055023, -0.849025]","[0.269111, -0.021350, -0.962872]","[-0.334245, -0.371994, -0.865968]","[0.351121, -0.177032, 0.919442]","[0.017503, 0.992532, 0.120723]","[-0.752530, 0.512981, -0.412976]","[-0.172127, -0.857127, -0.485495]"
"[0.006014, 0.121627, 0.992558]","[0.036030, 0.052037, 0.997995]","[-0.298457, -0.183095, 0.936696]","[-0.170577, 0.078124, -0.982242]","[-0.523773, 0.113410, -0.844275]","[0.261716, -0.038779, -0.964366]","[-0.341740, -0.348873, -0.872640]","[0.004256, -0.082065, 0.996618]","[-0.041845, 0.984865, 0.168197]","[-0.758892, 0.611125, -0.224964]","[0.531179, -0.731957, -0.426717]"
"[-0.004101, 0.100606, 0.994918]","[0.052740, 0.019040, 0.998427]","[-0.274956, -0.143100, 0.950748]","[-0.144520, 0.079898, -0.986271]","[-0.499334, 0.058342, -0.864443]","[0.297288, -0.018278, -0.954613]","[-0.351944, -0.299389, -0.886849]","[-0.314935, -0.033018, 0.948539]","[0.009740, 0.976933, 0.213325]","[-0.689469, 0.715795, -0.110767]","[0.795692, -0.432915, -0.423626]"
"[-0.007338, 0.055950, 0.998407]","[0.059574, 0.038511, 0.997481]","[-0.260184, -0.115818, 0.958588]","[-0.119211, 0.093023, -0.988502]","[-0.475971, -0.031624, -0.878892]","[0.314689, -0.029995, -0.948721]","[-0.350924, -0.262455, -0.898872]","[-0.380515, -0.018263, 0.924594]","[0.008847, 0.955363, 0.295302]","[-0.510701, 0.856677, -0.072724]","[0.836890, -0.247970, -0.487982]"
"[0.009976, 0.026161, 0.999608]","[0.029237, 0.037869, 0.998855]","[-0.269359, -0.150182, 0.951258]","[-0.062566, 0.080049, -0.994825]","[-0.487406, -0.073016, -0.870117]","[0.360032, -0.077164, -0.929743]","[-0.365778, -0.288719, -0.884787]","[-0.416499, 0.095756, 0.904079]","[0.074026, 0.924035, 0.375072]","[-0.534963, 0.827302, 0.171423]","[0.882732, -0.277501, -0.379179]"
"[0.032238, 0.018077, 0.999317]","[-0.007324, 0.036344, 0.999312]","[-0.250596, -0.187479, 0.949765]","[-0.029786, 0.050543, -0.998278]","[-0.490917, -0.102829, -0.865116]","[0.394565, -0.078918, -0.915473]","[-0.358819, -0.373653, -0.855355]","[-0.499513, 0.013874, 0.866196]","[0.042489, 0.934538, 0.353319]","[-0.362778, 0.766494, 0.529980]","[0.963876, -0.077966, -0.254686]"
"[0.028119, 0.028607, 0.999195]","[-0.046363, 0.060954, 0.997063]","[-0.216910, -0.178701, 0.959696]","[-0.058783, -0.015937, -0.998144]","[-0.468448, -0.054026, -0.881837]","[0.388414, -0.127722, -0.912591]","[-0.336781, -0.385210, -0.859181]","[-0.593339, -0.135116, 0.793532]","[-0.033405, 0.972378, 0.231009]","[-0.041273, 0.816702, 0.575582]","[0.998008, 0.060669, -0.017310]"
"[0.011638, 0.034556, 0.999335]","[-0.080907, 0.125595, 0.988777]","[-0.218912, -0.157362, 0.962972]","[-0.066582, -0.061528, -0.995882]","[-0.426207, 0.001674, -0.904624]","[0.353074, -0.155555, -0.922573]","[-0.292987, -0.328584, -0.897881]","[-0.675328, -0.266077, 0.687848]","[-0.224696, 0.963340, 0.146584]","[0.122266, 0.837509, 0.532570]","[0.958984, 0.217760, 0.181464]"
"[-0.019253, 0.065795, 0.997647]","[-0.124147, 0.163051, 0.978776]","[-0.215858, -0.158209, 0.963522]","[-0.073556, -0.025468, -0.996966]","[-0.407106, -0.033770, -0.912756]","[0.323793, -0.133402, -0.936676]","[-0.277768, -0.298073, -0.913235]","[-0.776491, -0.371657, 0.508854]","[-0.749015, 0.662543, -0.003560]","[0.217928, 0.830318, 0.512913]","[0.888392, 0.269850, 0.371403]"
"[-0.075262, 0.059824, 0.995368]","[-0.166369, 0.211479, 0.963119]","[-0.201097, -0.165864, 0.965427]","[-0.092167, 0.019720, -0.995548]","[-0.347677, -0.071507, -0.934884]","[0.304063, -0.102104, -0.947164]","[-0.269623, -0.252960, -0.929147]","[-0.732189, -0.598443, 0.325215]","[-0.790157, 0.558580, -0.252270]","[0.303846, 0.831205, 0.465592]","[0.830806, 0.295201, 0.471824]"
"[-0.139911, 0.052102, 0.988792]","[-0.234846, 0.262130, 0.936021]","[-0.199646, -0.163337, 0.966159]","[-0.090157, 0.026445, -0.995576]","[-0.319411, -0.014958, -0.947498]","[0.240929, -0.105196, -0.964825]","[-0.255190, -0.261158, -0.930954]","[-0.698104, -0.713176, 0.063494]","[-0.477041, 0.853489, -0.209736]","[0.405396, 0.823706, 0.396436]","[0.792219, 0.207051, 0.574038]"
"[-0.187443, 0.085891, 0.978513]","[-0.313915, 0.315697, 0.895429]","[-0.196300, -0.181082, 0.963678]","[-0.094818, 0.061532, -0.993591]","[-0.254019, 0.102542, -0.961748]","[0.134984, -0.159473, -0.977930]","[-0.198276, -0.263359, -0.944102]","[-0.623701, -0.701076, -0.345672]","[-0.291118, 0.920405, -0.260968]","[0.451624, 0.810993, 0.371923]","[0.755800, 0.197211, 0.624399]"
"[-0.256482, 0.137038, 0.956785]","[-0.404275, 0.332815, 0.851936]","[-0.200115, -0.151424, 0.968000]","[-0.135121, 0.116719, -0.983930]","[-0.169001, 0.215658, -0.961733]","[0.002963, -0.199803, -0.979832]","[-0.128888, -0.216153, -0.967815]","[-0.477616, -0.628351, -0.614051]","[-0.420300, 0.883841, -0.205360]","[0.540895, 0.779859, 0.315045]","[0.728640, 0.181381, 0.660442]"
"[-0.314800, 0.158106, 0.935897]","[-0.495122, 0.342982, 0.798259]","[-0.176384, -0.130430, 0.975642]","[-0.137502, 0.086909, -0.986681]","[-0.132400, 0.277265, -0.951627]","[-0.102664, -0.236437, -0.966208]","[-0.079915, -0.179910, -0.980432]","[-0.408951, -0.605055, -0.683131]","[-0.464941, 0.813784, -0.348693]","[0.658728, 0.727486, 0.191941]","[0.609143, -0.100077, 0.786721]"
"[-0.346716, 0.181635, 0.920216]","[-0.578460, 0.329951, 0.746000]","[-0.212403, -0.118979, 0.969912]","[-0.168329, 0.031917, -0.985214]","[-0.095363, 0.337049, -0.936645]","[-0.207003, -0.261616, -0.942712]","[-0.029764, -0.170266, -0.984949]","[-0.363338, -0.522964, -0.771035]","[-0.461582, 0.647133, -0.606763]","[0.688267, 0.725013, 0.025390]","[0.329385, -0.569451, 0.753147]"
"[-0.363689, 0.212665, 0.906920]","[-0.648986, 0.305384, 0.696820]","[-0.258464, -0.111475, 0.959567]","[-0.173081, -0.015648, -0.984783]","[-0.025105, 0.390839, -0.920117]","[-0.273423, -0.292171, -0.916448]","[0.018200, -0.150904, -0.988381]","[-0.237936, -0.417823, -0.876818]","[-0.349948, 0.524582, -0.776112]","[0.716113, 0.668419, -0.200993]","[0.061621, -0.825081, 0.561645]"
"[-0.355380, 0.257013, 0.898693]","[-0.691971, 0.296157, 0.658382]","[-0.286712, -0.085202, 0.954220]","[-0.181566, -0.060283, -0.981529]","[0.056177, 0.413995, -0.908544]","[-0.330969, -0.310062, -0.891247]","[0.038307, -0.147761, -0.988281]","[-0.260059, -0.385789, -0.885176]","[-0.183961, 0.600341, -0.778299]","[0.574748, 0.775422, -0.261507]","[-0.026311, -0.830150, 0.556919]"
"[-0.348408, 0.272782, 0.896773]","[-0.716270, 0.268839, 0.643959]","[-0.267037, -0.070871, 0.961077]","[-0.176199, -0.092478, -0.980001]","[0.150665, 0.392962, -0.907128]","[-0.378905, -0.319426, -0.868561]","[0.072646, -0.141736, -0.987235]","[-0.295264, -0.450645, -0.842459]","[-0.168165, 0.599951, -0.782164]","[0.574008, 0.784613, -0.234302]","[-0.273816, -0.740806, 0.613377]"
"[-0.380031, 0.226498, 0.896814]","[-0.715458, 0.262758, 0.647362]","[-0.263487, -0.038464, 0.963896]","[-0.145714, -0.140343, -0.979322]","[0.160732, 0.371064, -0.914591]","[-0.402114, -0.317774, -0.858676]","[0.078624, -0.131825, -0.988150]","[-0.341439, -0.422707, -0.839487]","[-0.086020, 0.692258, -0.716505]","[0.586491, 0.770471, -0.249806]","[-0.479981, -0.758756, 0.440349]"
"[-0.384257, 0.208039, 0.899481]","[-0.685270, 0.278810, 0.672807]","[-0.263339, -0.109273, 0.958495]","[-0.080382, -0.227693, -0.970409]","[0.107389, 0.274283, -0.955634]","[-0.385844, -0.313177, -0.867782]","[0.086302, -0.127783, -0.988040]","[-0.395671, -0.432267, -0.810302]","[-0.015571, 0.717355, -0.696534]","[0.562962, 0.762058, -0.319907]","[-0.568830, -0.785385, 0.244137]"
"[-0.341453, 0.218445, 0.914162]","[-0.660709, 0.302789, 0.686864]","[-0.305758, -0.092180, 0.947637]","[-0.048215, -0.285616, -0.957130]","[0.092876, 0.135507, -0.986414]","[-0.351424, -0.315288, -0.881529]","[0.072495, -0.186498, -0.979777]","[-0.535332, -0.529948, -0.657704]","[0.116625, 0.762677, -0.636177]","[0.475452, 0.766753, -0.431318]","[-0.345251, -0.851267, 0.395154]"
"[-0.312426, 0.237584, 0.919752]","[-0.647485, 0.286971, 0.705982]","[-0.305007, -0.126825, 0.943868]","[0.006175, -0.326962, -0.945017]","[0.057582, 0.045403, -0.997308]","[-0.309782, -0.323276, -0.894163]","[0.056562, -0.174238, -0.983078]","[-0.540338, -0.612765, -0.576675]","[0.151807, 0.743125, -0.651706]","[0.380918, 0.754481, -0.534473]","[-0.312126, -0.942622, 0.118500]"
"[-0.304208, 0.214387, 0.928168]","[-0.662919, 0.221837, 0.715072]","[-0.306599, -0.126482, 0.943398]","[0.063960, -0.339543, -0.938413]","[0.057269, 0.012026, -0.998286]","[-0.277024, -0.329218, -0.902703]","[0.084972, -0.145963, -0.985634]","[-0.552648, -0.638875, -0.535182]","[0.296099, 0.821707, -0.486952]","[0.353218, 0.732898, -0.581462]","[-0.327570, -0.910072, -0.253903]"
"[-0.320986, 0.188789, 0.928077]","[-0.641707, 0.202642, 0.739695]","[-0.255476, -0.096792, 0.961958]","[0.107990, -0.388355, -0.915161]","[0.113497, 0.033079, -0.992988]","[-0.211705, -0.349411, -0.912739]","[0.118528, -0.084943, -0.989311]","[-0.488536, -0.740470, -0.461560]","[0.255897, 0.822928, -0.507253]","[0.331543, 0.692569, -0.640646]","[-0.282978, -0.813157, -0.508624]"
"[-0.317575, 0.169493, 0.932962]","[-0.606398, 0.181638, 0.774138]","[-0.232368, -0.054407, 0.971105]","[0.148941, -0.487743, -0.860188]","[0.147549, 0.079551, -0.985850]","[-0.144128, -0.358766, -0.922233]","[0.158778, -0.011790, -0.987244]","[-0.461386, -0.789396, -0.404942]","[0.150791, 0.853740, -0.498387]","[0.308883, 0.727405, -0.612759]","[-0.196266, -0.758702, -0.621169]"
"[-0.327435, 0.183448, 0.926894]","[-0.541599, 0.214576, 0.812790]","[-0.169018, -0.050483, 0.984319]","[0.212642, -0.607878, -0.765028]","[0.215569, 0.071083, -0.973898]","[-0.068947, -0.341519, -0.937342]","[0.151226, 0.015320, -0.988381]","[-0.332467, -0.833652, -0.441011]","[-0.017747, 0.714337, -0.699577]","[0.289037, 0.742308, -0.604513]","[-0.028063, -0.578048, -0.815520]"
"[-0.338351, 0.184590, 0.922738]","[-0.508587, 0.237411, 0.827632]","[-0.186989, -0.045644, 0.981301]","[0.265066, -0.638197, -0.722804]","[0.181589, 0.017179, -0.983224]","[0.004931, -0.323156, -0.946333]","[0.122491, 0.069633, -0.990024]","[-0.308589, -0.855558, -0.415683]","[-0.029243, 0.613408, -0.789224]","[0.241416, 0.792536, -0.560004]","[0.275072, 0.013594, -0.961328]"
"[-0.313195, 0.179952, 0.932484]","[-0.510442, 0.240718, 0.825532]","[-0.217748, -0.140208, 0.965882]","[0.320275, -0.645777, -0.693106]","[0.107225, 0.008786, -0.994196]","[0.077732, -0.360658, -0.929453]","[0.063177, 0.145782, -0.987297]","[-0.214712, -0.935862, -0.279392]","[-0.070778, 0.474352, -0.877485]","[0.156672, 0.888511, -0.431280]","[0.399923, 0.421547, -0.813855]"
"[-0.299484, 0.169921, 0.938848]","[-0.502650, 0.248767, 0.827924]","[-0.270535, -0.186789, 0.944416]","[0.340139, -0.672608, -0.657194]","[0.049364, 0.027461, -0.998403]","[0.130537, -0.420743, -0.897739]","[-0.022917, 0.179518, -0.983488]","[-0.192582, -0.959775, -0.204315]","[-0.021488, 0.584266, -0.811278]","[0.077095, 0.959838, -0.269755]","[0.604591, 0.607579, -0.515090]"
"[-0.318280, 0.199969, 0.926666]","[-0.527775, 0.208070, 0.823505]","[-0.222710, -0.176277, 0.958815]","[0.335215, -0.679962, -0.652138]","[-0.012356, 0.037758, -0.999211]","[0.127223, -0.507120, -0.852434]","[-0.067253, 0.154871, -0.985643]","[-0.150935, -0.974832, -0.164076]","[0.104314, 0.875298, -0.472200]","[0.043949, 0.958970, -0.280081]","[0.283861, 0.883916, -0.371639]"
"[-0.329983, 0.250857, 0.910045]","[-0.576430, 0.197208, 0.792993]","[-0.203120, -0.178337, 0.962776]","[0.283345, -0.666791, -0.689279]","[-0.093470, -0.019357, -0.995434]","[0.065050, -0.575069, -0.815514]","[-0.082151, 0.104968, -0.991077]","[-0.035019, -0.980338, -0.194195]","[0.268692, 0.913378, -0.305852]","[0.150889, 0.969765, -0.191804]","[0.177959, 0.967089, 0.181849]"
"[-0.342984, 0.286186, 0.894684]","[-0.621293, 0.196667, 0.758497]","[-0.204983, -0.258847, 0.943917]","[0.241792, -0.619906, -0.746494]","[-0.125517, -0.056864, -0.990460]","[0.059842, -0.619045, -0.783073]","[-0.129704, 0.033409, -0.990990]","[0.171899, -0.948943, -0.264495]","[0.299039, 0.788923, -0.536821]","[0.186051, 0.971632, -0.146001]","[0.430826, 0.757200, 0.490954]"
"[-0.344635, 0.294991, 0.891183]","[-0.646694, 0.209012, 0.733553]","[-0.294655, -0.366714, 0.882440]","[0.263359, -0.457308, -0.849418]","[-0.162904, -0.026557, -0.986285]","[0.137826, -0.608969, -0.781128]","[-0.170204, -0.060857, -0.983528]","[0.114429, -0.989466, -0.088674]","[0.492878, 0.786271, -0.372625]","[0.096343, 0.987990, -0.120802]","[0.439943, 0.473333, 0.763155]"
"[-0.370500, 0.327351, 0.869236]","[-0.667967, 0.250867, 0.700633]","[-0.395100, -0.430749, 0.811389]","[0.326907, -0.297646, -0.896961]","[-0.254795, 0.004771, -0.966983]","[0.179047, -0.602053, -0.778122]","[-0.218342, -0.043252, -0.974913]","[0.101235, -0.980409, -0.168967]","[0.445949, 0.580484, -0.681299]","[0.059530, 0.993460, -0.097436]","[0.374520, 0.505811, 0.777103]"
"[-0.383241, 0.319989, 0.866448]","[-0.701937, 0.288199, 0.651326]","[-0.488614, -0.413939, 0.768057]","[0.316901, -0.129817, -0.939532]","[-0.283093, 0.045506, -0.958012]","[0.181791, -0.614730, -0.767502]","[-0.188954, -0.072019, -0.979341]","[0.111497, -0.955638, -0.272624]","[0.273695, 0.663445, -0.696370]","[-0.016208, 0.995943, -0.088520]","[-0.003287, 0.204668, 0.978826]"
"[-0.408002, 0.327460, 0.852235]","[-0.744313, 0.304984, 0.594124]","[-0.547732, -0.352313, 0.758858]","[0.259164, 0.054355, -0.964303]","[-0.272065, 0.132379, -0.953130]","[0.150627, -0.636003, -0.756843]","[-0.166679, -0.123745, -0.978215]","[0.100294, -0.958390, -0.267262]","[0.179239, 0.589339, -0.787752]","[0.004945, 0.995004, -0.099716]","[-0.159114, 0.251331, 0.954733]"
"[-0.449253, 0.332022, 0.829417]","[-0.761214, 0.332907, 0.556530]","[-0.602865, -0.279839, 0.747157]","[0.122700, 0.174511, -0.976980]","[-0.213060, 0.208237, -0.954590]","[0.096180, -0.644638, -0.758414]","[-0.137703, -0.161480, -0.977222]","[-0.081384, -0.940462, -0.330013]","[0.136275, 0.555283, -0.820420]","[-0.002905, 0.995470, -0.095033]","[-0.068102, 0.346473, 0.935585]"
"[-0.473372, 0.333017, 0.815486]","[-0.770769, 0.351877, 0.531129]","[-0.615321, -0.212378, 0.759128]","[-0.000354, 0.275297, -0.961359]","[-0.145220, 0.268564, -0.952252]","[0.028230, -0.625552, -0.779672]","[-0.075554, -0.140657, -0.987171]","[-0.008696, -0.921574, -0.388106]","[0.210619, 0.503928, -0.837673]","[-0.055641, 0.993713, -0.097152]","[0.027600, 0.402232, 0.915122]"
"[-0.470121, 0.337573, 0.815494]","[-0.769726, 0.375257, 0.516435]","[-0.693140, -0.250323, 0.675941]","[-0.053183, 0.327465, -0.943366]","[-0.111468, 0.297504, -0.948191]","[0.026573, -0.574817, -0.817851]","[-0.055279, -0.161268, -0.985361]","[-0.098404, -0.886175, -0.452780]","[0.149001, 0.636494, -0.756752]","[-0.177106, 0.979313, -0.097873]","[-0.069630, 0.064186, 0.995506]"
"[-0.448737, 0.341805, 0.825715]","[-0.774790, 0.395544, 0.493198]","[-0.758626, -0.330780, 0.561312]","[-0.099483, 0.385516, -0.917322]","[-0.057887, 0.283305, -0.957281]","[0.018274, -0.493921, -0.869315]","[-0.054152, -0.194613, -0.979384]","[-0.046850, -0.862805, -0.503361]","[0.142826, 0.643157, -0.752296]","[-0.264878, 0.949340, -0.169095]","[-0.117389, -0.446060, 0.887271]"
"[-0.440053, 0.304110, 0.844908]","[-0.778922, 0.400814, 0.482315]","[-0.805126, -0.332140, 0.491380]","[-0.111834, 0.432234, -0.894800]","[-0.016763, 0.284044, -0.958665]","[0.029610, -0.457790, -0.888567]","[-0.048024, -0.206956, -0.977171]","[-0.095571, -0.853594, -0.512098]","[0.253274, 0.611770, -0.749393]","[-0.253533, 0.944126, -0.210587]","[-0.172403, -0.670467, 0.721631]"
"[-0.462024, 0.242575, 0.853048]","[-0.786752, 0.399575, 0.470490]","[-0.848964, -0.253820, 0.463504]","[-0.130420, 0.436922, -0.889994]","[-0.018216, 0.273913, -0.961582]","[0.052949, -0.382276, -0.922530]","[-0.039363, -0.224230, -0.973741]","[-0.047349, -0.888341, -0.456737]","[0.373457, 0.623718, -0.686663]","[-0.185226, 0.925605, -0.330071]","[-0.144125, -0.894733, 0.422707]"
"[-0.463608, 0.208811, 0.861084]","[-0.772934, 0.419813, 0.475741]","[-0.885724, -0.221343, 0.408044]","[-0.183933, 0.397523, -0.898968]","[0.003281, 0.246855, -0.969047]","[0.093326, -0.280560, -0.955289]","[-0.033180, -0.267235, -0.963060]","[-0.094091, -0.901566, -0.422287]","[0.403322, 0.641680, -0.652364]","[-0.222648, 0.836096, -0.501370]","[-0.056527, -0.967135, 0.247902]"
"[-0.438417, 0.228600, 0.869214]","[-0.761151, 0.433909, 0.482050]","[-0.925330, -0.126449, 0.357457]","[-0.243615, 0.354657, -0.902701]","[0.027817, 0.200543, -0.979290]","[0.098245, -0.188804, -0.977088]","[-0.031185, -0.285609, -0.957839]","[-0.008439, -0.960229, -0.279086]","[0.488338, 0.559743, -0.669487]","[-0.182442, 0.667730, -0.721700]","[-0.064087, -0.997688, -0.022607]"
"[-0.436811, 0.232686, 0.868938]","[-0.756189, 0.451432, 0.473695]","[-0.940459, -0.033065, 0.338295]","[-0.265180, 0.344746, -0.900461]","[0.045381, 0.172904, -0.983893]","[0.096113, -0.135862, -0.986055]","[-0.051150, -0.325521, -0.944150]","[0.000417, -0.958786, -0.284130]","[0.560571, 0.539505, -0.628247]","[-0.200071, 0.504936, -0.839650]","[-0.083064, -0.996027, -0.032116]"
"[-0.421341, 0.247076, 0.872597]","[-0.749060, 0.473843, 0.463014]","[-0.931284, 0.025421, 0.363407]","[-0.268282, 0.350791, -0.897201]","[0.072940, 0.217067, -0.973428]","[0.055933, -0.108726, -0.992497]","[-0.030088, -0.331020, -0.943144]","[0.012542, -0.968122, -0.250163]","[0.634704, 0.465696, -0.616666]","[-0.127019, 0.440560, -0.888692]","[0.134536, -0.969542, -0.204668]"
"[-0.420053, 0.256633, 0.870457]","[-0.748189, 0.478423, 0.459701]","[-0.925676, 0.069965, 0.371791]","[-0.255911, 0.342092, -0.904147]","[0.048303, 0.241293, -0.969249]","[0.029195, -0.094415, -0.995105]","[0.017864, -0.295585, -0.955149]","[-0.001925, -0.969558, -0.244852]","[0.650788, 0.432057, -0.624341]","[-0.229608, 0.488016, -0.842093]","[0.247895, -0.967669, -0.046538]"
"[-0.427926, 0.289956, 0.856040]","[-0.772789, 0.468250, 0.428415]","[-0.918050, 0.093323, 0.385324]","[-0.293672, 0.355394, -0.887385]","[0.037269, 0.221725, -0.974397]","[-0.013763, -0.040849, -0.999071]","[0.072613, -0.274001, -0.958984]","[0.042602, -0.983751, -0.174411]","[0.642799, 0.435991, -0.629858]","[-0.178508, 0.458432, -0.870617]","[0.268413, -0.923542, -0.273907]"
"[-0.415546, 0.291128, 0.861723]","[-0.780970, 0.458138, 0.424495]","[-0.898236, 0.074169, 0.433209]","[-0.326919, 0.373622, -0.868062]","[0.039758, 0.230087, -0.972358]","[-0.041723, -0.026093, -0.998788]","[0.087024, -0.255320, -0.962932]","[-0.013055, -0.970910, -0.239090]","[0.620230, 0.510115, -0.595900]","[-0.232881, 0.364537, -0.901598]","[0.127242, -0.929729, -0.345563]"
"[-0.400175, 0.299206, 0.866219]","[-0.799243, 0.443451, 0.405663]","[-0.902832, 0.114174, 0.414558]","[-0.378450, 0.384911, -0.841795]","[0.011886, 0.249183, -0.968384]","[-0.125660, -0.007038, -0.992048]","[0.125479, -0.277089, -0.952616]","[0.063196, -0.978826, -0.194693]","[0.713589, 0.386176, -0.584515]","[-0.241702, 0.307830, -0.920228]","[-0.046497, -0.945198, -0.323169]"
"[-0.387584, 0.319832, 0.864573]","[-0.792832, 0.463498, 0.395711]","[-0.910766, 0.107169, 0.398772]","[-0.418905, 0.362631, -0.832477]","[-0.021360, 0.234478, -0.971887]","[-0.195987, -0.001390, -0.980605]","[0.142380, -0.282148, -0.948747]","[0.030691, -0.979933, -0.196951]","[0.710962, 0.228334, -0.665129]","[-0.260123, 0.296301, -0.918989]","[-0.210225, -0.960278, -0.183499]"
"[-0.373483, 0.354987, 0.857026]","[-0.797847, 0.461949, 0.387354]","[-0.922834, 0.073916, 0.378039]","[-0.487933, 0.343240, -0.802563]","[-0.025938, 0.209444, -0.977477]","[-0.264172, -0.009213, -0.964432]","[0.158476, -0.275294, -0.948208]","[0.099970, -0.979260, -0.176228]","[0.591955, 0.023402, -0.805631]","[-0.215053, 0.330549, -0.918961]","[-0.286240, -0.952426, -0.104647]"
"[-0.381338, 0.364706, 0.849453]","[-0.815407, 0.432563, 0.384709]","[-0.917022, 0.079533, 0.390827]","[-0.550119, 0.344458, -0.760735]","[-0.015495, 0.172451, -0.984896]","[-0.311456, -0.022800, -0.949987]","[0.160120, -0.247204, -0.955642]","[0.058155, -0.980088, -0.189856]","[0.486133, 0.068903, -0.871164]","[-0.210515, 0.368905, -0.905313]","[-0.370413, -0.927998, -0.040181]"
"[-0.392501, 0.369034, 0.842471]","[-0.828435, 0.410582, 0.380943]","[-0.905879, 0.157543, 0.393145]","[-0.601747, 0.353396, -0.716249]","[-0.004490, 0.125223, -0.992118]","[-0.363022, 0.008234, -0.931744]","[0.143881, -0.225990, -0.963445]","[0.109031, -0.979445, -0.169704]","[0.407393, 0.096429, -0.908148]","[-0.144691, 0.421746, -0.895095]","[-0.462853, -0.886155, 0.022299]"
"[-0.406377, 0.380438, 0.830738]","[-0.817790, 0.423305, 0.389914]","[-0.883804, 0.193238, 0.426085]","[-0.610676, 0.388079, -0.690268]","[0.008650, 0.077404, -0.996962]","[-0.392439, 0.040089, -0.918904]","[0.121223, -0.219304, -0.968096]","[0.080502, -0.966200, -0.244903]","[0.331688, 0.088800, -0.939201]","[-0.158779, 0.405839, -0.900047]","[-0.488000, -0.867394, 0.097384]"
"[-0.398047, 0.393298, 0.828779]","[-0.815454, 0.423866, 0.394172]","[-0.891501, 0.226185, 0.392512]","[-0.604799, 0.421874, -0.675455]","[0.021987, 0.050839, -0.998465]","[-0.404402, 0.077509, -0.911291]","[0.124584, -0.219136, -0.967708]","[0.010063, -0.962655, -0.270543]","[0.295889, 0.178839, -0.938332]","[-0.198511, 0.375052, -0.905499]","[-0.562069, -0.810779, 0.163450]"
"[-0.407191, 0.368455, 0.835725]","[-0.807763, 0.421163, 0.412482]","[-0.874807, 0.233723, 0.424366]","[-0.605801, 0.416341, -0.677986]","[0.011753, 0.041354, -0.999075]","[-0.423467, 0.081662, -0.902223]","[0.131843, -0.229931, -0.964235]","[-0.150783, -0.924356, -0.350472]","[0.179967, 0.502534, -0.845619]","[-0.226709, 0.377789, -0.897707]","[-0.624735, -0.749214, 0.219964]"
"[-0.393548, 0.346813, 0.851376]","[-0.793626, 0.402393, 0.456331]","[-0.872056, 0.217282, 0.438528]","[-0.623241, 0.389318, -0.678235]","[0.009520, 0.036730, -0.999280]","[-0.454251, 0.088669, -0.886450]","[0.149852, -0.245157, -0.957832]","[-0.248595, -0.855507, -0.454211]","[0.035976, 0.614950, -0.787745]","[-0.255072, 0.406635, -0.877261]","[-0.641034, -0.739663, 0.204878]"
"[-0.389173, 0.268323, 0.881219]","[-0.769573, 0.372249, 0.518833]","[-0.845968, 0.201552, 0.493676]","[-0.639237, 0.338247, -0.690627]","[0.000169, 0.039330, -0.999226]","[-0.455485, 0.100021, -0.884607]","[0.165977, -0.244893, -0.955238]","[-0.379536, -0.743491, -0.550611]","[-0.044013, 0.768766, -0.638013]","[-0.256502, 0.486803, -0.835003]","[-0.623102, -0.771007, 0.131499]"
"[-0.382119, 0.215484, 0.898639]","[-0.748342, 0.332899, 0.573727]","[-0.806343, 0.235914, 0.542360]","[-0.664589, 0.296439, -0.685891]","[-0.037784, 0.030769, -0.998812]","[-0.455838, 0.133807, -0.879947]","[0.185225, -0.226745, -0.956179]","[-0.475135, -0.664742, -0.576511]","[-0.069693, 0.755337, -0.651621]","[-0.241438, 0.509708, -0.825776]","[-0.621034, -0.783486, -0.021598]"
"[-0.362549, 0.194541, 0.911434]","[-0.708599, 0.324779, 0.626424]","[-0.729903, 0.282628, 0.622385]","[-0.680717, 0.265466, -0.682754]","[-0.061570, 0.035289, -0.997479]","[-0.446652, 0.149317, -0.882160]","[0.197082, -0.204383, -0.958846]","[-0.597947, -0.537191, -0.594883]","[-0.145904, 0.783580, -0.603916]","[-0.278805, 0.495617, -0.822576]","[-0.625969, -0.757604, -0.184931]"
"[-0.326226, 0.194609, 0.925043]","[-0.651079, 0.316078, 0.690066]","[-0.628793, 0.342007, 0.698319]","[-0.688436, 0.228262, -0.688442]","[-0.058643, 0.022291, -0.998030]","[-0.425083, 0.176508, -0.887778]","[0.216338, -0.176903, -0.960158]","[-0.698206, -0.472961, -0.537416]","[-0.217135, 0.782241, -0.583910]","[-0.299658, 0.437669, -0.847733]","[-0.634920, -0.723895, -0.269914]"
"[-0.263383, 0.201870, 0.943333]","[-0.560469, 0.307887, 0.768818]","[-0.525252, 0.314876, 0.790547]","[-0.681724, 0.189593, -0.706616]","[-0.051826, -0.001724, -0.998655]","[-0.375304, 0.195271, -0.906099]","[0.223154, -0.119725, -0.967403]","[-0.781803, -0.396589, -0.481146]","[-0.373005, 0.788360, -0.489241]","[-0.350723, 0.416422, -0.838800]","[-0.590356, -0.714593, -0.375281]"
"[-0.201694, 0.203677, 0.958037]","[-0.461153, 0.267432, 0.846060]","[-0.424791, 0.268296, 0.864621]","[-0.665745, 0.164775, -0.727759]","[-0.075330, -0.032773, -0.996620]","[-0.320483, 0.212249, -0.923169]","[0.184271, -0.076217, -0.979916]","[-0.821653, -0.317562, -0.473329]","[-0.423082, 0.782936, -0.456085]","[-0.304605, 0.406214, -0.861514]","[-0.468982, -0.752094, -0.463045]"
"[-0.158552, 0.183080, 0.970228]","[-0.340555, 0.236807, 0.909915]","[-0.296602, 0.241493, 0.923964]","[-0.627758, 0.121210, -0.768914]","[-0.108012, -0.053495, -0.992709]","[-0.249876, 0.207918, -0.945691]","[0.145031, -0.038498, -0.988678]","[-0.895183, -0.164085, -0.414395]","[-0.425343, 0.833098, -0.353597]","[-0.299906, 0.352529, -0.886442]","[-0.036884, -0.557227, -0.829541]"
"[-0.103386, 0.158939, 0.981860]","[-0.221495, 0.190705, 0.956332]","[-0.225605, 0.158097, 0.961305]","[-0.577764, 0.079368, -0.812336]","[-0.129597, -0.027181, -0.991194]","[-0.165091, 0.216012, -0.962332]","[0.121740, -0.018975, -0.992381]","[-0.923840, -0.038842, -0.380804]","[-0.360155, 0.855350, -0.372376]","[-0.215536, 0.205248, -0.954682]","[0.847530, -0.017515, -0.530459]"
"[-0.093623, 0.131905, 0.986831]","[-0.157152, 0.137741, 0.977922]","[-0.157308, 0.043869, 0.986575]","[-0.554312, 0.022122, -0.832015]","[-0.168347, -0.034864, -0.985111]","[-0.119707, 0.218911, -0.968374]","[0.095480, -0.021234, -0.995205]","[-0.910254, 0.164305, -0.380054]","[-0.272629, 0.928011, -0.253906]","[-0.147832, 0.165278, -0.975105]","[0.839716, 0.498577, -0.215170]"
"[-0.076912, 0.100876, 0.991922]","[-0.073814, 0.090401, 0.993166]","[-0.105402, -0.006673, 0.994407]","[-0.554518, -0.074844, -0.828799]","[-0.204387, -0.107676, -0.972950]","[-0.099521, 0.236274, -0.966577]","[0.069848, -0.042482, -0.996653]","[-0.869907, 0.323535, -0.372273]","[-0.246476, 0.938248, -0.242775]","[-0.154454, 0.037047, -0.987305]","[0.785429, 0.608084, -0.115478]"
"[-0.041961, 0.103286, 0.993766]","[0.046624, 0.047756, 0.997770]","[-0.061436, -0.068510, 0.995757]","[-0.547308, -0.129601, -0.826836]","[-0.226644, -0.145871, -0.962992]","[-0.055550, 0.269248, -0.961467]","[-0.005500, -0.071513, -0.997425]","[-0.857328, 0.399834, -0.324225]","[-0.342247, 0.911530, -0.227991]","[-0.213181, -0.227289, -0.950207]","[0.857946, 0.510916, -0.053787]"
"[-0.004930, 0.108258, 0.994111]","[0.152433, -0.005580, 0.988298]","[-0.032618, -0.095733, 0.994873]","[-0.552693, -0.155451, -0.818759]","[-0.299660, -0.203836, -0.932017]","[-0.002614, 0.269123, -0.963102]","[-0.088201, -0.074222, -0.993334]","[-0.861730, 0.439904, -0.252794]","[-0.400984, 0.890486, -0.215052]","[-0.242581, -0.536984, -0.807962]","[0.943052, 0.331145, -0.031557]"
"[0.025416, 0.120334, 0.992408]","[0.222706, -0.048902, 0.973658]","[0.007962, -0.108150, 0.994103]","[-0.572767, -0.188839, -0.797670]","[-0.408847, -0.242739, -0.879728]","[0.042240, 0.248343, -0.967751]","[-0.163013, -0.039443, -0.985835]","[-0.845652, 0.496475, -0.195921]","[-0.391514, 0.906557, -0.157706]","[-0.269465, -0.711789, -0.648648]","[0.971617, 0.166986, -0.167557]"
"[0.049151, 0.137656, 0.989260]","[0.257634, -0.091029, 0.961945]","[0.032024, -0.114306, 0.992929]","[-0.595632, -0.198866, -0.778252]","[-0.508621, -0.321103, -0.798873]","[0.063871, 0.262131, -0.962916]","[-0.241865, -0.014831, -0.970196]","[-0.789838, 0.597304, -0.139224]","[-0.325120, 0.941963, -0.083684]","[-0.281877, -0.773942, -0.567062]","[0.956649, 0.036182, -0.288988]"
"[0.084935, 0.130574, 0.987794]","[0.278399, -0.128359, 0.951850]","[0.032764, -0.190745, 0.981093]","[-0.624759, -0.197735, -0.755366]","[-0.580098, -0.423464, -0.695820]","[0.080488, 0.272223, -0.958862]","[-0.330139, -0.022503, -0.943664]","[-0.753274, 0.654071, -0.069057]","[-0.179678, 0.983389, 0.025727]","[-0.280382, -0.794398, -0.538812]","[0.919595, 0.045081, -0.390274]"
"[0.139250, 0.106799, 0.984481]","[0.316288, -0.164530, 0.934287]","[0.003698, -0.223891, 0.974607]","[-0.637082, -0.217505, -0.739472]","[-0.634534, -0.482633, -0.603682]","[0.084901, 0.225023, -0.970647]","[-0.382041, -0.005648, -0.924128]","[-0.682570, 0.730499, -0.021642]","[-0.026610, 0.996454, 0.079814]","[-0.244309, -0.819941, -0.517698]","[0.890021, 0.094411, -0.446038]"
"[0.172344, 0.087077, 0.981181]","[0.368107, -0.167698, 0.914535]","[-0.006923, -0.226656, 0.973950]","[-0.638033, -0.242200, -0.730927]","[-0.664315, -0.548365, -0.507918]","[0.086849, 0.183984, -0.979085]","[-0.396843, 0.034645, -0.917232]","[-0.572988, 0.819525, -0.008034]","[0.059223, 0.991859, 0.112733]","[-0.209833, -0.840874, -0.498900]","[0.810058, 0.118011, -0.574352]"
"[0.203398, 0.098559, 0.974123]","[0.429370, -0.151545, 0.890323]","[-0.002775, -0.256859, 0.966445]","[-0.625664, -0.256444, -0.736737]","[-0.683132, -0.584357, -0.438016]","[0.075225, 0.109457, -0.991141]","[-0.428986, 0.054183, -0.901684]","[-0.489629, 0.871929, -0.001935]","[0.134529, 0.985954, 0.098975]","[-0.165695, -0.874347, -0.456138]","[0.778590, -0.004923, -0.627514]"
"[0.226343, 0.106320, 0.968228]","[0.500343, -0.126479, 0.856539]","[-0.012580, -0.303640, 0.952704]","[-0.583633, -0.274104, -0.764356]","[-0.690220, -0.604553, -0.397633]","[0.060025, 0.040273, -0.997384]","[-0.431271, 0.041515, -0.901267]","[-0.389098, 0.921156, -0.008658]","[0.165475, 0.979790, 0.112382]","[-0.144503, -0.896176, -0.419509]","[0.762151, -0.098690, -0.639833]"
"[0.239475, 0.094042, 0.966337]","[0.543584, -0.127043, 0.829685]","[-0.037140, -0.366582, 0.929644]","[-0.545440, -0.247438, -0.800793]","[-0.707704, -0.617688, -0.342954]","[0.024437, -0.019503, -0.999511]","[-0.416776, 0.026411, -0.908625]","[-0.361710, 0.932091, -0.019301]","[0.144870, 0.977288, 0.154663]","[-0.097308, -0.882480, -0.460175]","[0.757561, -0.136379, -0.638359]"
"[0.257267, 0.059386, 0.964514]","[0.551896, -0.139046, 0.822239]","[-0.021116, -0.400431, 0.916084]","[-0.500230, -0.242081, -0.831365]","[-0.720141, -0.619457, -0.312520]","[0.015094, -0.031171, -0.999400]","[-0.434072, -0.005395, -0.900862]","[-0.249515, 0.966909, -0.053193]","[0.183715, 0.961095, 0.206265]","[0.004383, -0.835741, -0.549107]","[0.695922, -0.245371, -0.674897]"
"[0.288955, 0.002513, 0.957339]","[0.534750, -0.151574, 0.831305]","[-0.004729, -0.385519, 0.922688]","[-0.423511, -0.253722, -0.869634]","[-0.749967, -0.565657, -0.342901]","[0.034304, -0.022163, -0.999166]","[-0.443056, -0.012207, -0.896411]","[-0.076545, 0.993070, -0.089180]","[0.215163, 0.946285, 0.241351]","[0.068785, -0.800643, -0.595181]","[0.633877, -0.407863, -0.657151]"
"[0.320857, -0.038802, 0.946332]","[0.522022, -0.168083, 0.836206]","[0.006970, -0.393420, 0.919333]","[-0.359295, -0.284076, -0.888937]","[-0.750675, -0.502737, -0.428653]","[0.058068, -0.006550, -0.998291]","[-0.441729, 0.020005, -0.896925]","[0.211963, 0.959491, -0.185605]","[0.329707, 0.898669, 0.289287]","[0.167628, -0.781596, -0.600840]","[0.656915, -0.314067, -0.685437]"
"[0.336611, -0.060402, 0.939705]","[0.526794, -0.193663, 0.827637]","[0.014233, -0.427602, 0.903855]","[-0.279337, -0.300709, -0.911891]","[-0.705637, -0.461839, -0.537384]","[0.084716, 0.022298, -0.996156]","[-0.420881, 0.042528, -0.906119]","[0.537163, 0.800955, -0.264438]","[0.399404, 0.868484, 0.293617]","[0.257471, -0.727397, -0.636083]","[0.804014, 0.028646, -0.593921]"
"[0.342437, -0.067582, 0.937107]","[0.547592, -0.220730, 0.807107]","[0.027447, -0.451676, 0.891760]","[-0.182299, -0.312541, -0.932247]","[-0.640960, -0.396430, -0.657277]","[0.112656, 0.063151, -0.991625]","[-0.391511, 0.051163, -0.918750]","[0.744484, 0.572047, -0.344247]","[0.545744, 0.787432, 0.286557]","[0.356473, -0.683510, -0.636978]","[0.836084, 0.264527, -0.480613]"
"[0.372857, -0.065931, 0.925544]","[0.571665, -0.254788, 0.779925]","[0.053395, -0.429113, 0.901671]","[-0.053487, -0.316506, -0.947082]","[-0.562922, -0.299516, -0.770331]","[0.149152, 0.079747, -0.985593]","[-0.410422, 0.052005, -0.910412]","[0.795806, 0.434012, -0.422287]","[0.714201, 0.628387, 0.308295]","[0.422668, -0.622581, -0.658593]","[0.849755, 0.353267, -0.391303]"
"[0.396666, -0.074967, 0.914897]","[0.606606, -0.274529, 0.746099]","[0.106771, -0.379114, 0.919170]","[0.057793, -0.334543, -0.940607]","[-0.481423, -0.222965, -0.847655]","[0.193957, 0.069594, -0.978538]","[-0.431923, 0.014880, -0.901788]","[0.852192, 0.246482, -0.461536]","[0.838861, 0.310887, 0.446834]","[0.501571, -0.597738, -0.625408]","[0.826831, 0.467759, -0.312333]"
"[0.427495, -0.088618, 0.899664]","[0.638540, -0.275194, 0.718704]","[0.145370, -0.334790, 0.931012]","[0.166004, -0.353815, -0.920466]","[-0.372995, -0.157447, -0.914377]","[0.228429, 0.042443, -0.972635]","[-0.438463, -0.010318, -0.898690]","[0.855132, 0.101351, -0.508406]","[0.703970, -0.266051, 0.658516]","[0.547972, -0.564958, -0.616887]","[0.764656, 0.619018, -0.179214]"
"[0.438170, -0.091289, 0.894245]","[0.654539, -0.281826, 0.701536]","[0.163265, -0.329451, 0.929950]","[0.236548, -0.373656, -0.896898]","[-0.284893, -0.124236, -0.950474]","[0.250354, 0.019119, -0.967966]","[-0.423002, -0.036960, -0.905375]","[0.845188, -0.104562, -0.524142]","[0.452447, -0.629874, 0.631308]","[0.584930, -0.520555, -0.621996]","[0.604493, 0.796559, -0.009072]"
"[0.435973, -0.103307, 0.894011]","[0.662884, -0.282989, 0.693182]","[0.160820, -0.328137, 0.930840]","[0.291680, -0.381122, -0.877308]","[-0.218703, -0.094780, -0.971178]","[0.274172, 0.001742, -0.961679]","[-0.412536, -0.040854, -0.910025]","[0.807488, -0.240272, -0.538732]","[0.297915, -0.755959, 0.582901]","[0.637147, -0.444709, -0.629506]","[0.394206, 0.912004, 0.113360]"
"[0.436413, -0.109181, 0.893097]","[0.665446, -0.276564, 0.693320]","[0.160156, -0.337349, 0.927656]","[0.339723, -0.389022, -0.856300]","[-0.199696, -0.073989, -0.977060]","[0.285831, -0.021760, -0.958033]","[-0.393807, -0.034849, -0.918532]","[0.764862, -0.349285, -0.541282]","[0.232998, -0.870630, 0.433261]","[0.700145, -0.343924, -0.625710]","[0.301194, 0.942981, 0.141664]"
"[0.456600, -0.108899, 0.882982]","[0.671387, -0.272111, 0.689344]","[0.158158, -0.326370, 0.931917]","[0.373695, -0.410121, -0.831957]","[-0.199077, -0.039700, -0.979179]","[0.302323, -0.055593, -0.951583]","[-0.357094, -0.017195, -0.933910]","[0.752764, -0.362756, -0.549323]","[0.184195, -0.931008, 0.315113]","[0.757120, -0.249322, -0.603828]","[0.248799, 0.958207, 0.141204]"
"[0.460630, -0.107080, 0.881110]","[0.677031, -0.262227, 0.687652]","[0.181097, -0.288595, 0.940169]","[0.371107, -0.422257, -0.827030]","[-0.160671, 0.008797, -0.986969]","[0.304736, -0.085650, -0.948578]","[-0.324704, 0.019449, -0.945616]","[0.759354, -0.354238, -0.545798]","[0.113974, -0.944584, 0.307849]","[0.785174, -0.212388, -0.581715]","[0.176261, 0.966430, 0.186938]"
"[0.463164, -0.087742, 0.881919]","[0.676535, -0.266027, 0.686680]","[0.199323, -0.248834, 0.947814]","[0.347190, -0.433558, -0.831557]","[-0.141091, 0.033193, -0.989440]","[0.293136, -0.118065, -0.948753]","[-0.305253, 0.075344, -0.949286]","[0.756081, -0.344474, -0.556489]","[-0.039308, -0.962564, 0.268190]","[0.795020, -0.203282, -0.571506]","[0.056462, 0.972259, 0.226992]"
"[0.465332, -0.051701, 0.883625]","[0.669152, -0.280018, 0.688349]","[0.210314, -0.211199, 0.954549]","[0.318113, -0.447961, -0.835545]","[-0.145178, -0.001612, -0.989404]","[0.270760, -0.143934, -0.951826]","[-0.279593, 0.121421, -0.952410]","[0.734540, -0.375009, -0.565526]","[-0.133987, -0.983613, 0.120632]","[0.797133, -0.183316, -0.575304]","[-0.030079, 0.971621, 0.234622]"
"[0.457121, -0.028022, 0.888963]","[0.659118, -0.294175, 0.692116]","[0.208744, -0.185905, 0.960138]","[0.295211, -0.449895, -0.842879]","[-0.138819, -0.028472, -0.989908]","[0.253511, -0.152457, -0.955243]","[-0.272680, 0.146434, -0.950896]","[0.707828, -0.405069, -0.578704]","[-0.222711, -0.974586, 0.024122]","[0.797741, -0.167252, -0.579341]","[-0.099019, 0.973528, 0.206006]"
"[0.439041, -0.020357, 0.898237]","[0.646967, -0.303685, 0.699435]","[0.194691, -0.187311, 0.962814]","[0.278201, -0.448359, -0.849457]","[-0.139058, -0.027813, -0.989894]","[0.228323, -0.175802, -0.957582]","[-0.256632, 0.183687, -0.948894]","[0.692052, -0.415024, -0.590610]","[-0.316493, -0.948564, -0.007622]","[0.786164, -0.194911, -0.586478]","[-0.104037, 0.975308, 0.194807]"
"[0.440451, -0.027212, 0.897364]","[0.639474, -0.295632, 0.709700]","[0.182335, -0.173805, 0.967753]","[0.285485, -0.443607, -0.849536]","[-0.131814, -0.033795, -0.990698]","[0.213513, -0.205778, -0.955022]","[-0.229359, 0.228032, -0.946254]","[0.650728, -0.431326, -0.624909]","[-0.367198, -0.928693, -0.051916]","[0.790086, -0.201262, -0.579015]","[-0.098378, 0.976392, 0.192302]"
"[0.440513, -0.035752, 0.897034]","[0.634803, -0.278668, 0.720673]","[0.158748, -0.205418, 0.965714]","[0.274947, -0.441813, -0.853935]","[-0.109257, -0.040331, -0.993195]","[0.200616, -0.240578, -0.949671]","[-0.239766, 0.221683, -0.945182]","[0.641756, -0.436175, -0.630794]","[-0.456822, -0.885181, -0.088140]","[0.808536, -0.206538, -0.551009]","[-0.085789, 0.979606, 0.181693]"
"[0.436719, -0.071540, 0.896749]","[0.625257, -0.286665, 0.725863]","[0.127076, -0.227050, 0.965557]","[0.275086, -0.452655, -0.848193]","[-0.104824, -0.029544, -0.994052]","[0.212768, -0.256156, -0.942928]","[-0.253738, 0.154258, -0.954893]","[0.653025, -0.410121, -0.636679]","[-0.511562, -0.848527, -0.135301]","[0.823475, -0.208033, -0.527837]","[-0.138089, 0.977965, 0.156574]"
"[0.434204, -0.096880, 0.895590]","[0.608899, -0.311990, 0.729318]","[0.122468, -0.191165, 0.973888]","[0.287677, -0.460795, -0.839589]","[-0.108577, -0.024006, -0.993798]","[0.232544, -0.246862, -0.940735]","[-0.272059, 0.078897, -0.959041]","[0.662804, -0.391328, -0.638399]","[-0.570913, -0.801381, -0.178456]","[0.811861, -0.240927, -0.531823]","[-0.179854, 0.976913, 0.115296]"
"[0.421942, -0.115137, 0.899282]","[0.584964, -0.348173, 0.732524]","[0.160073, -0.149879, 0.975660]","[0.317012, -0.451736, -0.833929]","[-0.115078, -0.007599, -0.993327]","[0.244432, -0.236293, -0.940435]","[-0.290417, 0.029643, -0.956441]","[0.685322, -0.377414, -0.622810]","[-0.633404, -0.752750, -0.179348]","[0.796074, -0.251316, -0.550551]","[-0.235693, 0.965123, 0.113954]"
"[0.422270, -0.110650, 0.899691]","[0.569718, -0.371260, 0.733203]","[0.193603, -0.141042, 0.970889]","[0.342400, -0.450684, -0.824407]","[-0.112870, 0.005571, -0.993594]","[0.277056, -0.213802, -0.936765]","[-0.316950, -0.002509, -0.948439]","[0.687814, -0.364262, -0.627874]","[-0.627041, -0.759038, -0.175161]","[0.792475, -0.215558, -0.570542]","[-0.246439, 0.963976, 0.100088]"
"[0.413912, -0.109786, 0.903673]","[0.574664, -0.368331, 0.730817]","[0.215926, -0.143260, 0.965843]","[0.356324, -0.462433, -0.811904]","[-0.104495, 0.014739, -0.994416]","[0.310132, -0.187098, -0.932101]","[-0.342493, -0.007815, -0.939488]","[0.687638, -0.322933, -0.650283]","[-0.598225, -0.777119, -0.195482]","[0.799834, -0.192833, -0.568402]","[-0.246353, 0.965660, 0.082533]"
