com_x,com_y,com_z,bos_x,bos_y,bos_z
0.007308157497356015,0.00335521351906561,0.8348875610738672,-0.10799974948167801,-0.021623462438583374,0.011055976152420044
0.013063477188028312,0.0019985197131992664,0.8482482362498518,-0.1061868816614151,-0.037895649671554565,0.01680728793144226
0.014806073575571014,-0.002181950155445325,0.8567083401064717,-0.1094476692378521,-0.052700936794281006,0.02097150683403015
0.0166749103014828,-0.004885365389367584,0.8522109360143701,-0.10674620047211647,-0.046093493700027466,0.022833704948425293
0.016246115167935688,-0.007419588601076472,0.8353587336437674,-0.09947606921195984,-0.02233421802520752,0.022010236978530884
0.016368598506976192,-0.007833001281945935,0.8333753576201774,-0.0958126038312912,-0.02393096685409546,0.02243661880493164
0.016456823820067985,-0.0068040333928600415,0.8423084859566019,-0.09781152755022049,-0.041266024112701416,0.022677093744277954
0.014452595608208767,-0.008219844879963063,0.8563598714528543,-0.10305791348218918,-0.06306970119476318,0.025743961334228516
0.011169467441817764,-0.010733126961095355,0.8686871375447959,-0.1136452928185463,-0.08208620548248291,0.027194976806640625
0.007708952127284899,-0.011067850463172435,0.855899677898294,-0.11204837262630463,-0.07548683881759644,0.027452737092971802
0.007181445989877948,-0.012057236558006652,0.8378614049765369,-0.1013764888048172,-0.07352191209793091,0.022827118635177612
0.005211986433113772,-0.012491535515554488,0.8219772395908191,-0.08897286653518677,-0.0703229010105133,0.016056090593338013
0.0006282660949935194,-0.010784348977669592,0.8186296687651704,-0.07887580990791321,-0.05848264694213867,0.011797308921813965
-0.0021471849212082476,-0.00560594864429966,0.8370233333879902,-0.0821550264954567,-0.054553061723709106,0.008708059787750244
-0.0034109558579662157,-0.003928210073581308,0.8524671636922384,-0.08251593261957169,-0.0518549382686615,0.0074748992919921875
-0.005855392059811981,-0.0035604214956683517,0.8588761627994557,-0.08160953223705292,-0.052071332931518555,0.010325789451599121
-0.006343541790040268,-0.0023958506162769047,0.8504554717771468,-0.06986869871616364,-0.04372483491897583,0.0034632980823516846
-0.005879393869870773,-0.0016248270068117358,0.8386037232093911,-0.05373436212539673,-0.0401574969291687,0.0017431676387786865
-0.0035661191148783572,-0.0012637544503455516,0.8474388001426572,-0.039189428091049194,-0.049243777990341187,0.0006476342678070068
-0.00014422205226716182,-0.0002895859300449328,0.8676193161036376,-0.03061538189649582,-0.058333635330200195,0.00458112359046936
-0.0005385682587662054,0.0006121350071763486,0.8793102412134086,-0.03711742162704468,-0.06407639384269714,0.006323665380477905
-0.003986704133210643,0.002365563000722598,0.8715540958027682,-0.04121977090835571,-0.06646031141281128,0.004106491804122925
-0.007967449065738466,0.006914973963973343,0.8565976073024093,-0.038508981466293335,-0.03902071714401245,4.526972770690918e-05
-0.013845398036702981,0.010776243671294178,0.8495933833942616,-0.04178713262081146,-0.010225445032119751,0.003627568483352661
-0.021035897755815134,0.017628278198742096,0.8518632626341234,-0.06805755943059921,-0.01767084002494812,0.0010477006435394287
-0.03538758976695438,0.02707244446200709,0.851657540150868,-0.08988940715789795,-0.006232500076293945,0.0019838809967041016
-0.04915350930745243,0.03844619790712991,0.8542139728864034,-0.10032845288515091,0.024418354034423828,0.0012995004653930664
-0.06414916529270108,0.043530821511822346,0.8554443003669862,-0.10545923048630357,0.04799067974090576,0.004803597927093506
-0.07858263473477092,0.05121633170112486,0.8561360742135713,-0.1228380436077714,0.04706376791000366,0.006165862083435059
-0.09446421026863078,0.06207129415324938,0.8694172742866698,-0.14146096259355545,0.041056931018829346,0.007115423679351807
-0.10682852198119444,0.06819019324036055,0.8719741843080007,-0.1475921105593443,0.04655236005783081,0.007340490818023682
-0.11225686112558968,0.07198515933367514,0.8761407342649273,-0.14778729900717735,0.05545511841773987,0.0058012306690216064
-0.11303260511448306,0.07783561587654134,0.8698609061779513,-0.14363925531506538,0.06268739700317383,0.0021369457244873047
-0.11888365417077976,0.07841649351901904,0.8690184626207554,-0.15380867570638657,0.06961965560913086,0.0006603896617889404
-0.12576632517319852,0.07436495829493767,0.8700356340856962,-0.16287991404533386,0.04779902100563049,0.0050201416015625
-0.13013218098910903,0.07644758038623357,0.8877339651507713,-0.16638394817709923,0.03559568524360657,0.013705432415008545
-0.1320426660119205,0.07998821753007106,0.898444701266545,-0.1634947545826435,0.025470256805419922,0.023882746696472168
-0.13427775252249927,0.08092824296765429,0.9090987743228992,-0.1573614701628685,0.01541745662689209,0.03292950987815857
-0.1334171709654632,0.07728582634240067,0.9134030325438385,-0.14746120665222406,0.015056759119033813,0.037169039249420166
-0.1324776579696004,0.07145490271429861,0.9189574280413247,-0.1416841633617878,0.019874364137649536,0.03942909836769104
-0.12777931856652422,0.06738794675116895,0.9230864869650972,-0.13610119465738535,0.016930729150772095,0.0393693745136261
-0.11785626419449365,0.0640076214107134,0.9291288645357213,-0.1227327361702919,0.02546331286430359,0.03935089707374573
-0.10826300309710603,0.057537070205134724,0.9343224141226018,-0.11369936540722847,0.02839142084121704,0.03532284498214722
-0.0968905913653553,0.050501191760263124,0.9452259848194734,-0.09658462926745415,0.04412871599197388,0.03530731797218323
-0.08011221606484663,0.04142198379962674,0.9458995525875398,-0.07950549572706223,0.04332658648490906,0.029266566038131714
-0.05982969505812532,0.03294044402978753,0.9328946598755415,-0.06628738716244698,0.03207892179489136,0.021052896976470947
-0.03926508368183208,0.026024117969697513,0.8934320978259526,-0.051293276250362396,0.023481816053390503,0.005794644355773926
-0.022688682745861753,0.01629930097729929,0.8573202151765105,-0.04451930522918701,0.017341136932373047,0.008386969566345215
-0.01272993369769024,-0.002121951717442722,0.8289250421588138,-0.042307086288928986,0.018674522638320923,0.02392733097076416
-0.0024846146994781087,-0.021208795889090463,0.7872222513601342,-0.030413009226322174,0.019426017999649048,0.03344497084617615
0.006030012927548861,-0.03330976693860946,0.7589805225210804,-0.018908917903900146,0.019622206687927246,0.03994077444076538
0.012111429189161584,-0.03872081478757243,0.7470081237695549,-0.022916093468666077,0.00680166482925415,0.038100600242614746
0.015111320986542649,-0.03843179833824916,0.7381836805292354,-0.028453141450881958,-0.009069085121154785,0.03068360686302185
0.017278459179465487,-0.033204049104323945,0.7368634621302287,-0.04009249061346054,-0.020750045776367188,0.021701157093048096
0.018985509391753905,-0.029416600270296932,0.7478659916629073,-0.05394195020198822,-0.035834699869155884,0.01580527424812317
0.017938392857710518,-0.029592690152186213,0.7557502813557143,-0.06980948150157928,-0.04996654391288757,0.002566397190093994
0.016378051779603445,-0.029415739015225435,0.79202139441685,-0.08659875392913818,-0.0666089653968811,0.014710307121276855
0.014869570507798144,-0.027293182356703655,0.8218976985062321,-0.09404636919498444,-0.07219386100769043,0.03074619174003601
0.014570137614043807,-0.02616399013867942,0.8446780336479984,-0.0927634984254837,-0.06559693813323975,0.04266303777694702
0.01351677786999492,-0.02372826612604561,0.8665993238008147,-0.10929030179977417,-0.06285828351974487,0.048767149448394775
0.011316035207240808,-0.019596983620556445,0.8783992216151246,-0.1249166876077652,-0.058045804500579834,0.056273579597473145
0.008514867827136029,-0.01607407084716263,0.8610393942684255,-0.1251598298549652,-0.0480065643787384,0.0574224591255188
0.005109573416011307,-0.012309022744496663,0.836101189672306,-0.11394302546977997,-0.025570571422576904,0.052701324224472046
-0.0018661661694447174,-0.009685762074365412,0.8345536957504927,-0.10975421965122223,-0.010822296142578125,0.05119714140892029
-0.009180078252909646,-0.005876412250662362,0.8352511883743345,-0.10522107034921646,-7.995963096618652e-05,0.048439979553222656
-0.014721216457665606,-0.0025771783404452825,0.833298399723986,-0.09686453640460968,0.012569546699523926,0.04394185543060303
-0.02032009660396525,0.0021592068576043654,0.8426500858799102,-0.08707794547080994,0.023855537176132202,0.03914734721183777
-0.032297227251273326,0.005982714234500802,0.8632656085555269,-0.0988682210445404,0.0097179114818573,0.034783780574798584
-0.04251559606643132,0.010907207862023382,0.8905007848496078,-0.1132366955280304,-0.012119472026824951,0.028839588165283203
-0.05301721636005626,0.01660938259734902,0.9164365784134916,-0.12080200761556625,-0.02659916877746582,0.028948664665222168
-0.06378218464913868,0.024598366727111156,0.9329544875250065,-0.12536442652344704,-0.029111891984939575,0.027979731559753418
-0.0740072373000364,0.037862776716550195,0.9399625994825873,-0.12449862062931061,-0.015153974294662476,0.022790521383285522
-0.08492234403127304,0.05082793509767901,0.9403355885897909,-0.11853940319269896,0.007992804050445557,0.013044416904449463
-0.09250670748672656,0.06240805623031431,0.9382249652698474,-0.11300342390313745,0.037810057401657104,0.0062430500984191895
-0.09670400908567331,0.06669398945185445,0.9277103581095254,-0.10270059644244611,0.05695405602455139,0.0020523667335510254
-0.10046044366123774,0.06424324267333553,0.9217597297442854,-0.08512586751021445,0.07082462310791016,0.004081010818481445
-0.09769739844555896,0.06329130889267048,0.9162148467635594,-0.07468974287621677,0.061833739280700684,0.0003472566604614258
-0.09643374381446708,0.06453460658429772,0.9268980659784808,-0.07329967059195042,0.04832082986831665,0.0022767484188079834
-0.09666128279641271,0.06416183767780179,0.9376093891038687,-0.0703556383959949,0.04718843102455139,0.005857139825820923
-0.09769018072264407,0.06123793786892325,0.9335732149821454,-0.06734998826868832,0.04532068967819214,0.005936682224273682
-0.09580104548223715,0.06254421184139868,0.9263475415206722,-0.06468670582398772,0.03672587871551514,0.0050331056118011475
-0.09726055673403684,0.07209418135625056,0.9272214976690145,-0.06552586168982089,0.04523664712905884,0.003352642059326172
-0.09860331483726056,0.08168416598471262,0.9315299353612364,-0.06899570161476731,0.06400778889656067,0.00495380163192749
-0.10193961755552838,0.07926970750734368,0.9137383096320653,-0.07771171373315156,0.0649687647819519,1.9103288650512695e-05
-0.09967931676455721,0.07013498999739204,0.9018001253566433,-0.08810504572466016,0.05219683051109314,0.006684243679046631
-0.09548349111661396,0.06424272752577259,0.8992347662166881,-0.09814048209227622,0.04695254564285278,0.0151175856590271
-0.09245714510400449,0.05969649734356069,0.905638888734643,-0.11509187053889036,0.0386258065700531,0.02629193663597107
-0.09024427720015085,0.05360694554864719,0.9104301566718725,-0.13394263572990894,0.03987276554107666,0.03503447771072388
-0.0872682237091364,0.046107689908114806,0.9146673209244204,-0.1378693776205182,0.055201053619384766,0.04311680793762207
-0.07786858635103348,0.04363096141687002,0.9138538075711135,-0.1292148227803409,0.06832042336463928,0.05019289255142212
-0.07027857394548513,0.040987793139873004,0.9154269221969826,-0.11452739499509335,0.09236738085746765,0.052178919315338135
-0.06426910591381853,0.03815675985108139,0.9221400117361415,-0.1018228568136692,0.1065264642238617,0.049576759338378906
-0.0538049047071767,0.03977105331116465,0.9295947513593139,-0.09685876965522766,0.10779410600662231,0.045865148305892944
-0.04011471159355614,0.03939078106114299,0.9313427013415161,-0.08831072971224785,0.10343757271766663,0.0420803427696228
-0.0303212810027343,0.03109033541373347,0.9165586004654567,-0.08637736737728119,0.08721223473548889,0.03792780637741089
-0.022343466759368935,0.01865889231363932,0.8824107300209741,-0.08068405091762543,0.070834219455719,0.02607429027557373
-0.014656297357813,0.008156998615751983,0.8545190540693137,-0.07301140576601028,0.06173288822174072,0.014330536127090454
-0.005632928410364736,0.001301050218202734,0.8361375234139861,-0.0537661612033844,0.07418012619018555,0.0034376680850982666
0.003657599924112198,-0.005437444679198727,0.8372764512415851,-0.03728116303682327,0.08081191778182983,0.006464570760726929
0.01143934103429958,-0.011679002898995592,0.8434018676960339,-0.03563252091407776,0.05764514207839966,0.014961689710617065
0.017976541216334987,-0.015586936698164992,0.8430206979795165,-0.03830397129058838,0.023653537034988403,0.018181264400482178
0.02265227207493397,-0.01539384995096473,0.8275027922725163,-0.03992772102355957,-0.0003719627857208252,0.017871886491775513
0.023760603941095765,-0.01596219084596121,0.8117774829749136,-0.04426353797316551,-0.017176508903503418,0.015361696481704712
0.029200869422125558,-0.017262727951490742,0.7962889184874872,-0.04890348017215729,-0.03320780396461487,0.00851672887802124
0.03563313734146855,-0.018603529901273785,0.7990810764092269,-0.07379228621721268,-0.06461206078529358,0.004959762096405029
0.03976726963795641,-0.020854792463523085,0.8004320057169082,-0.08205323666334152,-0.07174327969551086,0.008856803178787231
0.04192187194061535,-0.018845983057893728,0.7774840833999774,-0.08841541036963463,-0.06433719396591187,0.0034095942974090576
0.04284409916689318,-0.016587114077742375,0.7814291351584977,-0.09797283634543419,-0.06227031350135803,0.005839794874191284
0.04271767930157723,-0.01686133091808647,0.8020162230858239,-0.10612483695149422,-0.04907509684562683,0.015794724225997925
0.03826503197672546,-0.0193592014812654,0.8289598476502202,-0.12222789227962494,-0.041566938161849976,0.023280620574951172
0.030867832057899034,-0.021822636005698993,0.8437403327354821,-0.14327409118413925,-0.06194719672203064,0.027947038412094116
0.026724447173777442,-0.018807351717384912,0.8489831019473332,-0.16140708327293396,-0.07776910066604614,0.026440858840942383
0.018871070732993465,-0.013934092047393962,0.8403193184124526,-0.17260991036891937,-0.0643971860408783,0.024928390979766846
0.011886795614195124,-0.0070645989910248785,0.8443992167070347,-0.17281243205070496,-0.03128954768180847,0.023920178413391113
0.006724772962831681,7.648121926092215e-05,0.837071987634064,-0.1729441061615944,-0.004535794258117676,0.02516806125640869
0.001870691429783582,0.007359277785465283,0.8344091043356924,-0.17631976678967476,0.007740885019302368,0.025573313236236572
-0.0005782555548414094,0.012894715609089016,0.8364372535738891,-0.18326657637953758,0.00984242558479309,0.023271679878234863
-0.006280419366654527,0.012884411263850424,0.8436773586337283,-0.18926439434289932,0.008027106523513794,0.016263872385025024
-0.012750078425292044,0.015886106990998784,0.8387298065808507,-0.19297765754163265,0.011639952659606934,0.008785426616668701
-0.014886753649641102,0.020895416634057154,0.8447672920201414,-0.18586412444710732,0.016970008611679077,0.009380578994750977
-0.013456823953217076,0.025157999639870008,0.8382630934638362,-0.17929507419466972,0.004396200180053711,0.00943043828010559
-0.011992802057335132,0.024529167817484945,0.8425228223044384,-0.1775561049580574,-0.030080825090408325,0.008571416139602661
-0.009475446945076344,0.022464702911274403,0.8354980530277373,-0.1702175922691822,-0.055529892444610596,0.014396309852600098
-0.007716812037171854,0.021423272996820418,0.8238851688241444,-0.16075581312179565,-0.05869877338409424,0.016285717487335205
-0.004429827610491424,0.018898987033033884,0.8108321626660643,-0.14826343953609467,-0.04446934163570404,0.019936978816986084
-0.0026731915651790556,0.015258373223966165,0.8004891484014449,-0.12940138950943947,-0.0374906063079834,0.02047067880630493
-0.0010505289400136598,0.01174977652488216,0.789350614656684,-0.11177778244018555,-0.04259034991264343,0.021714746952056885
0.0005611828418188198,0.005535920204654816,0.7715939925242494,-0.09519030898809433,-0.062180548906326294,0.026929020881652832
0.0022171342605224226,0.0020530532925359655,0.753272618337344,-0.07773777097463608,-0.08515849709510803,0.03132012486457825
-0.00039539559473914556,0.0028866087396939577,0.7509132735831762,-0.06962818652391434,-0.09577593207359314,0.03230905532836914
-0.005341431562618542,0.007669904980287757,0.7633217693336547,-0.060291044414043427,-0.08868655562400818,0.031786948442459106
-0.01259102344272598,0.014818774532246332,0.7651776783889338,-0.06083843857049942,-0.07989820837974548,0.02823120355606079
-0.021004241244286615,0.019252965078558976,0.7508194105599516,-0.05848131328821182,-0.06494146585464478,0.017308324575424194
-0.03321043315433685,0.022964585037721735,0.7413403342487989,-0.06451550126075745,-0.05671331286430359,0.00324288010597229
-0.04587188663501892,0.031219385063616174,0.7634660488815715,-0.06612028926610947,-0.04356744885444641,0.00023484230041503906
-0.0627791442698048,0.03871751248195607,0.7871516647838775,-0.07155903801321983,-0.017277896404266357,0.00938531756401062
-0.07930152797170222,0.0403633885325924,0.8148427414958193,-0.07806731946766376,-0.014612406492233276,0.01992318034172058
-0.09359918428204393,0.04065426693808648,0.8312737078435957,-0.088947843760252,-0.017176806926727295,0.02371564507484436
-0.10360894999917473,0.04132132432473603,0.8432263918140882,-0.08360041491687298,-0.018354833126068115,0.026856958866119385
-0.10757204207681836,0.04568169479088117,0.8367998514124141,-0.07851007580757141,-0.02555599808692932,0.029273301362991333
-0.10993271729638497,0.04489736839007305,0.838983332662172,-0.06333697959780693,-0.03551843762397766,0.03076377511024475
-0.11266365889259562,0.039139053465858574,0.830182455976804,-0.05957386642694473,-0.04643934965133667,0.029836595058441162
-0.10930682949882038,0.03549605960487037,0.8331658579008552,-0.05278315953910351,-0.07883036136627197,0.03133678436279297
-0.10063606323974744,0.03454412838784597,0.8178458651547791,-0.0467964094132185,-0.1250315010547638,0.02494490146636963
-0.0940977738469198,0.03269213736057281,0.81501902111115,-0.03657711669802666,-0.14112842082977295,0.03435930609703064
-0.0928772007345512,0.026113387605836307,0.804529434314338,-0.015825651586055756,-0.1399100422859192,0.04577934741973877
-0.09096273211461879,0.021090805162024752,0.8069973517489687,0.017293060198426247,-0.13207289576530457,0.05845153331756592
-0.08618948403946172,0.016039855089238893,0.8160957799803825,0.046000462025403976,-0.1288694143295288,0.07780289649963379
-0.08003531862250576,0.01799752444669765,0.8339106035488904,0.07644693553447723,-0.14205533266067505,0.10398657619953156
-0.07554325368055093,0.019113046026998946,0.8268604787126662,0.08805526047945023,-0.14491286873817444,0.10564611852169037
-0.06991772465007277,0.016271211407197422,0.8080923568817876,0.0909600779414177,-0.14172488451004028,0.09348689019680023
-0.06629974518011333,0.013191920426744282,0.7843073119719821,0.08100298792123795,-0.14726625382900238,0.0803987979888916
-0.07005521499862273,0.011665094479598027,0.7637663163164609,0.061596453189849854,-0.16156500577926636,0.06397983431816101
-0.07707923636321098,0.015773664278689245,0.7523465131239223,0.02681994065642357,-0.18820571899414062,0.05389854311943054
-0.08434198783129773,0.021070028513029058,0.7363004479356988,0.0012304820120334625,-0.19428282976150513,0.03991168737411499
-0.08603999766130602,0.027156366624178422,0.7179754368720515,-0.00017827749252319336,-0.1732068955898285,0.016495615243911743
-0.0903861287821044,0.03787121042929669,0.7241098235691745,-0.016309181228280067,-0.13983562588691711,0.005097836256027222
-0.09620039870021163,0.04455666746343334,0.736232113421604,-0.018570713698863983,-0.11530843377113342,0.01109054684638977
-0.10483601223076541,0.050950443131789064,0.7430530883932626,-0.0253368578851223,-0.08475056290626526,0.01913359761238098
-0.11464505706543242,0.056985179483089385,0.7376613754739041,-0.03699469193816185,-0.05978265404701233,0.017310768365859985
-0.12167464993012847,0.06222320630425405,0.7275576853623952,-0.03826122730970383,-0.024259358644485474,0.01557779312133789
-0.12173151880983382,0.06509381488606492,0.7307365812601581,-0.03607149049639702,-0.00449332594871521,0.021167844533920288
-0.12110198770639714,0.06785157510349825,0.7412715342416559,-0.03522457182407379,0.008051291108131409,0.02092641592025757
-0.12114616457813528,0.06576910321750948,0.7609704204144018,-0.028235256671905518,0.020235538482666016,0.02319115400314331
-0.12344431555880012,0.06068783373601975,0.7931925123737702,-0.027896486222743988,0.029141217470169067,0.030596911907196045
-0.12257126795668753,0.05813137994658561,0.8333325203067512,-0.026515163481235504,0.02444988489151001,0.044057220220565796
-0.11997571170970958,0.06092887784364402,0.8585989202863425,-0.030923523008823395,0.017611265182495117,0.04595908522605896
-0.11886672867081496,0.06270962421612072,0.8724923811933046,-0.035856425762176514,0.01130610704421997,0.04458770155906677
-0.11568472397423558,0.0661952454877156,0.8674293115574823,-0.03228077292442322,0.02915319800376892,0.03840482234954834
-0.1169913035727316,0.0689599529068957,0.8713071527340078,-0.02996828407049179,0.04490122199058533,0.031203746795654297
-0.12203304169959918,0.07381989992754433,0.8677599492572967,-0.0365966260433197,0.05813562870025635,0.02406412363052368
-0.12369454147354246,0.07410173350444403,0.8703423675029506,-0.044823482632637024,0.07150742411613464,0.020669639110565186
-0.1271701928508538,0.07459680774519521,0.8461322507871093,-0.0706145353615284,0.07754442095756531,0.011365234851837158
-0.13102965138211684,0.07879320690708774,0.8342932532231011,-0.0972471721470356,0.06931641697883606,0.004501253366470337
-0.13387137071820357,0.08195858472777948,0.8241260990019766,-0.12228802591562271,0.05949237942695618,0.001397460699081421
-0.14244625873222785,0.08234364624305436,0.8391865616203636,-0.1458685826510191,0.05594274401664734,0.008243829011917114
-0.15108243378019462,0.0853240488838124,0.851996840808981,-0.1748721282929182,0.06032437086105347,0.015554428100585938
-0.15471997341962268,0.09122337106094562,0.8653471726243211,-0.18975773826241493,0.06659442186355591,0.023605167865753174
-0.1536258225199035,0.09493011242599896,0.8696656789190025,-0.1917605008929968,0.07773876190185547,0.029884696006774902
-0.15376322287865862,0.09142656723658245,0.87959889099803,-0.20014644041657448,0.07390406727790833,0.03452908992767334
-0.15126665664776673,0.08655136456733108,0.8919348208814537,-0.21057482436299324,0.06517362594604492,0.04066509008407593
-0.14771235846383596,0.07436776712376583,0.9037283705447307,-0.21069302409887314,0.0541594922542572,0.04375430941581726
-0.14466011625143788,0.06533764714515336,0.907027216688279,-0.21945379674434662,0.05352509021759033,0.04271477460861206
-0.13908353631374656,0.0624804297121622,0.9165469928774782,-0.22330759093165398,0.05599498748779297,0.050535649061203
-0.13050444184612198,0.062226637685170734,0.9281410857874859,-0.21838366612792015,0.05862608551979065,0.056381404399871826
-0.11541723461561304,0.06220023830731709,0.9427601715890307,-0.2015341892838478,0.06143289804458618,0.06385490298271179
-0.09793097217397022,0.05926457853406988,0.9593974357651127,-0.19261470809578896,0.06044286489486694,0.07471299171447754
-0.07892825320883783,0.05346266768311941,0.9651208638183528,-0.17537915240973234,0.05153891444206238,0.08237797021865845
-0.0577631158734201,0.04598199632219088,0.966198999747153,-0.1488236729055643,0.05249232053756714,0.08769702911376953
-0.04769118930944191,0.037268688201263375,0.9579376921217927,-0.14178726822137833,0.038946449756622314,0.0946333110332489
-0.03764263165573918,0.027269782446404937,0.9366295933082539,-0.14797799102962017,0.006751447916030884,0.09233170747756958
-0.022792574931536944,0.022352120312311312,0.9307396729787187,-0.1524114776402712,-0.008302509784698486,0.0972374975681305
-0.008910395249083478,0.016121491100839384,0.9238767564296719,-0.16560440883040428,-0.022968828678131104,0.10469955205917358
0.0006820695735113573,0.011377642039329772,0.914375180326482,-0.18882259540259838,-0.03242108225822449,0.11300081014633179
0.005961097228611188,0.009135576345587287,0.8924686037084105,-0.2163821815047413,-0.0396643728017807,0.11890900135040283
0.010943028929653348,0.003489375867510355,0.8664457939645294,-0.2455701669678092,-0.05767260491847992,0.12425509095191956
0.019609264256332512,-0.004753703904408281,0.845082466897144,-0.2678936142474413,-0.08012855052947998,0.12783348560333252
0.027708995734812107,-0.009206606704060748,0.8386598470070028,-0.2800186946988106,-0.09898535907268524,0.13700541853904724
0.03648608302076657,-0.00965846668007553,0.8284674593838308,-0.28966524824500084,-0.11933547258377075,0.14444664120674133
0.04671805837462025,-0.010473058797338956,0.8260453114586491,-0.2863491028547287,-0.1411133110523224,0.1482941061258316
0.052072026155969134,-0.014258943017451994,0.8205305069364524,-0.2840343490242958,-0.15204361081123352,0.15561920404434204
0.05606949615382378,-0.020088328308956592,0.8091802288127199,-0.27932286262512207,-0.15719586610794067,0.15886548161506653
0.06036942384095601,-0.02718305485222929,0.7997130873382732,-0.26399971544742584,-0.14423397183418274,0.150043323636055
0.06645178664275393,-0.03371131384885438,0.8001335241140857,-0.24379060044884682,-0.12611831724643707,0.1375988870859146
0.07352555298837282,-0.037887349404314506,0.8020719861471525,-0.21249783039093018,-0.1119409054517746,0.11861330270767212
0.08179525691334918,-0.040350314686375274,0.8023135974522556,-0.17102649062871933,-0.09268435835838318,0.10049557685852051
0.09305931147468346,-0.041934346127253705,0.802822592245635,-0.13291114382445812,-0.07554160058498383,0.08175033330917358
0.10519090987822062,-0.04508193532625833,0.8109490059075813,-0.09691684320569038,-0.07514318823814392,0.07355451583862305
0.11697720830799428,-0.04816624099208463,0.816572294344184,-0.056305721402168274,-0.08013749122619629,0.0634499192237854
0.12254668666470434,-0.051031707179161806,0.8161226926311369,-0.024838019162416458,-0.09017449617385864,0.05221715569496155
0.12547370169752384,-0.05324904732806707,0.8139789528423739,0.0005374327301979065,-0.09278127551078796,0.04226177930831909
0.12751933809730312,-0.05390758357381306,0.8146745134104963,0.015708621591329575,-0.09573397040367126,0.03523683547973633
0.13213340190629805,-0.05368830915740741,0.8100627486103323,0.030691467225551605,-0.09840303659439087,0.02648705244064331
0.1344323173646004,-0.05269789698944296,0.8117193239991382,0.043510083109140396,-0.09249645471572876,0.019003331661224365
0.13385326437732223,-0.05112285665286483,0.8099343532836561,0.04508283734321594,-0.08816298842430115,0.010659754276275635
0.13147720054432907,-0.04914885932399381,0.8087652386837109,0.04004913195967674,-0.09713861346244812,0.0032598674297332764
0.1271220313204873,-0.047699840094453536,0.8123349980000525,0.035507041960954666,-0.10164940357208252,0.003483116626739502
0.12150277787599192,-0.04813683555331281,0.8192084541243889,0.030154344625771046,-0.10004943609237671,0.010466933250427246
0.12047996688834442,-0.048910532138680886,0.8291963049160537,0.0338903833180666,-0.09879738092422485,0.019113093614578247
0.12060100680557628,-0.0503025770828288,0.8415119355724703,0.031303826719522476,-0.10683205723762512,0.027260124683380127
0.12076100218760709,-0.056267031802926,0.8475986344519482,0.03214173577725887,-0.12111407518386841,0.027126550674438477
0.12056714258687472,-0.061374970052831906,0.8482373803213076,0.03365810215473175,-0.13208946585655212,0.023724853992462158
0.11916551739778568,-0.06569579435933019,0.8512670688731694,0.035198673605918884,-0.13274934887886047,0.020403116941452026
0.12035712215208234,-0.06657762123692419,0.8535561321884074,0.0409010648727417,-0.1316889226436615,0.015802592039108276
0.12188009146641017,-0.06582077222485695,0.853142883444345,0.04798736609518528,-0.12898850440979004,0.012972533702850342
