Frame,Timestamp,torque,jerk
0,0.0,0.0,0.0
1,0.03333333333333333,0.0,0.0
2,0.06666666666666667,7.460910138367116,45343.437604180064
3,0.1,8.96181925050831,56594.942419958905
4,0.13333333333333333,11.124181768758202,65670.71473916185
5,0.16666666666666666,9.448847920138661,73717.2337526273
6,0.2,8.350455164404874,65495.40384725678
7,0.23333333333333334,8.523548311999605,70796.70226184155
8,0.26666666666666666,8.072424169731265,67719.40718066038
9,0.3,6.875518510962605,54256.85056558653
10,0.3333333333333333,6.362578706335352,38501.32389717029
11,0.36666666666666664,5.5282328543354256,33180.66497289614
12,0.4,4.5713955801661,39166.0515651386
13,0.43333333333333335,6.004696289911136,42944.30791281919
14,0.4666666666666667,7.868962529834228,41429.298751942384
15,0.5,7.963335565747393,52790.6473566616
16,0.5333333333333333,7.949818245869826,55992.68079410608
17,0.5666666666666667,8.254984532685421,43742.79802161975
18,0.6,7.128380014029449,40965.652895357336
19,0.6333333333333333,6.803970548124333,49089.36896582558
20,0.6666666666666666,10.084879225112765,47253.490301848935
21,0.7,14.409372647714264,56013.53127882717
22,0.7333333333333333,16.303413422978785,90876.93207492372
23,0.7666666666666667,18.32161300518604,90146.55050374918
24,0.8,19.347662106179182,80174.00494142863
25,0.8333333333333334,17.5076256516318,90441.41331790345
26,0.8666666666666667,14.186045080179099,92038.21657062585
27,0.9,13.632626935068547,55518.61426268351
28,0.9333333333333333,13.1474178938399,48482.52721491175
29,0.9666666666666667,13.047370861780886,49517.32433345246
30,1.0,13.429339534340873,33643.17039210512
31,1.0333333333333334,13.977029379953965,21336.754882494446
32,1.0666666666666667,14.397256778046318,21720.18917230009
33,1.1,14.55266797769669,23943.34218937375
34,1.1333333333333333,13.350921596245996,35181.2867519103
35,1.1666666666666667,11.02252898997527,56151.81355993128
36,1.2,10.643741962347637,63044.97579347121
37,1.2333333333333334,11.084797299012322,73004.08287343678
38,1.2666666666666666,12.190080499499974,73929.14924971579
39,1.3,14.539543584312494,63066.98963502152
40,1.3333333333333333,19.017195739465883,49843.41506916867
41,1.3666666666666667,21.642507849402197,50293.1257838734
42,1.4,22.245546092581527,49005.53126813263
43,1.4333333333333333,20.213727965783068,66721.70584641988
44,1.4666666666666666,16.717209695184707,104104.65859425157
45,1.5,14.033652296396767,137300.9434974729
46,1.5333333333333334,13.598859132534423,134917.93914582866
47,1.5666666666666667,14.613620017705836,136852.06051554825
48,1.6,17.57078504563747,165595.9647140798
49,1.6333333333333333,22.70033358386734,150847.50256935382
50,1.6666666666666667,24.734292221418816,175830.83484382997
51,1.7,22.221344624176094,231394.56461656414
52,1.7333333333333334,20.28837750603882,231771.43201848693
53,1.7666666666666666,17.406647409972408,197046.06166999304
54,1.8,12.430709925404743,195127.03167239868
55,1.8333333333333333,10.981636580131319,135248.8557732643
56,1.8666666666666667,12.77376102294175,73096.23216301223
57,1.9,11.089872234626919,109316.63649460273
58,1.9333333333333333,11.313081269553814,114168.31530770117
59,1.9666666666666666,12.510436913218069,98061.53082100232
60,2.0,11.084844337465132,104475.83334223022
61,2.033333333333333,9.345305892523427,108537.29695765526
62,2.066666666666667,10.518742933975929,71662.63998209898
63,2.1,10.193696987060209,66899.99505897387
64,2.1333333333333333,9.773599083271993,58735.12284435935
65,2.1666666666666665,10.434409825259426,47057.22230212235
66,2.2,11.359429049897278,46107.63858573437
67,2.2333333333333334,10.832210738479048,55474.310524658395
68,2.2666666666666666,10.436381958394756,64065.15086411489
69,2.3,10.46996192514422,69619.92248567064
70,2.3333333333333335,9.995814954411918,81584.55196892103
71,2.3666666666666667,10.074423179306702,91575.42985879748
72,2.4,12.625577635952645,74300.85717259733
73,2.433333333333333,15.028868417947644,58460.820266439536
74,2.466666666666667,15.925208202665459,62891.04053789146
75,2.5,16.20990898992806,59795.345237014444
76,2.533333333333333,14.415006924149765,54804.84183743924
77,2.566666666666667,11.55567312778494,53048.75266947025
78,2.6,8.854029455891236,49513.73390927682
79,2.6333333333333333,6.7424059961758385,49635.90128742686
80,2.6666666666666665,6.47090572316544,34351.42306196607
81,2.7,7.055664024065726,47644.771775827794
82,2.7333333333333334,8.671705916542267,48034.37900322477
83,2.7666666666666666,9.475685546534969,55368.02746692028
84,2.8,10.051244376660733,59999.351645853094
85,2.8333333333333335,10.026149775698665,63812.999145160546
86,2.8666666666666667,10.268119112503054,45698.01172925565
87,2.9,9.453727975800039,45539.15938055531
88,2.933333333333333,9.243590091428981,38956.00119013675
89,2.966666666666667,9.213051044119933,40118.381610000346
90,3.0,8.277441785747616,58334.153412348285
91,3.033333333333333,8.39305868644546,57997.82442521407
92,3.066666666666667,8.103974270813628,57284.71126822381
93,3.1,7.833249458801225,62562.354745083394
94,3.1333333333333333,7.862595291170777,72740.33881739322
95,3.1666666666666665,9.902825072503912,63289.010459779834
96,3.2,10.405375931463634,64602.31970141687
97,3.2333333333333334,10.33332146218135,83856.58858843803
98,3.2666666666666666,10.588378886261392,94786.59959809472
99,3.3,11.848433507902126,70886.26468204518
100,3.3333333333333335,11.764593654293893,61291.79382418918
101,3.3666666666666667,11.398041014715593,67417.26253301984
102,3.4,10.700450838568917,126650.09019068992
103,3.433333333333333,12.290233280462148,164392.27686809833
104,3.466666666666667,15.082953884861416,226035.49450547583
105,3.5,16.757636436813332,382441.32789578463
106,3.533333333333333,20.48927742449066,397884.68510818196
107,3.566666666666667,24.183094904617704,377380.9471877138
108,3.6,25.184322767361124,536208.6558559348
109,3.6333333333333333,23.036920713220326,816565.9427994748
110,3.6666666666666665,23.927267030279808,697682.0665009884
111,3.7,22.47653809707426,736302.4967065885
112,3.7333333333333334,20.27531978491481,798273.338381651
113,3.7666666666666666,18.322627861470416,645364.5324009729
114,3.8,18.20011649360501,326553.6185733971
115,3.8333333333333335,15.261565249561505,310798.530818123
116,3.8666666666666667,12.779749503967707,250929.20849322807
117,3.9,11.266590497035992,157493.59820819032
118,3.933333333333333,10.978280831193844,107600.92218995844
119,3.966666666666667,11.046736867963865,207855.85442466647
120,4.0,12.414866048447475,222858.51278786315
121,4.033333333333333,13.714315213647444,276585.2177615491
122,4.066666666666666,14.766397237407656,378188.46121953824
123,4.1,15.493058838080774,388720.4561169556
124,4.133333333333334,14.44720911982788,279605.77820813924
125,4.166666666666667,12.9282201829049,296426.4310937524
126,4.2,11.75488496505449,365128.8131172762
127,4.233333333333333,13.872406042151004,261514.84446525938
128,4.266666666666667,16.559465326572102,356279.6815941959
129,4.3,19.407110402898677,400131.476059433
130,4.333333333333333,22.22205329172575,352272.4452703317
131,4.366666666666666,23.355130049467768,266991.92112376227
132,4.4,21.37613678726067,277192.07854193234
133,4.433333333333334,17.721679236891703,179171.40590273117
134,4.466666666666667,16.154387647604857,146938.9635476194
135,4.5,17.0089284138084,189646.5365425875
136,4.533333333333333,19.25931617815042,293838.8461503129
137,4.566666666666666,23.913675089696245,312398.68407801585
138,4.6,28.09203140495314,349835.24421128654
139,4.633333333333334,27.87077982969373,483483.2546057488
140,4.666666666666667,25.392662368429647,505958.07660356554
141,4.7,23.022036935035377,408508.2340410945
142,4.733333333333333,18.339335214454227,422471.8422531999
143,4.766666666666667,14.963712868657003,368886.7593726572
144,4.8,13.148792287293881,271816.5543546973
145,4.833333333333333,12.320165659661594,274728.76865170186
146,4.866666666666666,13.060037598273572,288395.9022873421
147,4.9,14.373558575807909,234346.68656651705
148,4.933333333333334,14.3868092386108,284748.7238529754
149,4.966666666666667,15.818943359148516,287848.22763633914
150,5.0,16.50538399781592,332218.49794611835
151,5.033333333333333,18.056582595423045,363327.42541326105
152,5.066666666666666,20.558503247528073,367703.69187136396
153,5.1,20.267787769406674,353547.8633676856
154,5.133333333333334,19.690548340321634,292067.5516297682
155,5.166666666666667,18.4837745809619,187985.81630351103
156,5.2,14.636354488623615,136898.22038914572
157,5.233333333333333,11.601171245425755,135282.127403417
158,5.266666666666667,12.522501387452015,145964.00502715952
159,5.3,14.350843337071254,166449.85320757772
160,5.333333333333333,16.590648012537695,168305.41062276732
161,5.366666666666666,17.117122091877267,277867.8076150175
162,5.4,16.216370883773486,296444.6325718265
163,5.433333333333334,14.779316115564797,251338.4681627017
164,5.466666666666667,12.830656587677698,230825.79697534503
165,5.5,11.098431414510975,212805.33782990687
166,5.533333333333333,11.070024631344685,63638.68274528461
167,5.566666666666666,10.568832515409582,41189.901875155956
168,5.6,9.851056705071182,63480.581155931075
169,5.633333333333334,9.138311515174426,65021.35685501022
170,5.666666666666667,7.999673271461971,63785.260970124495
171,5.7,7.270118520738684,59880.676734568355
172,5.733333333333333,6.460383998047635,54681.225355458024
173,5.766666666666667,6.468676081567807,27108.930142839217
174,5.8,6.689365405359267,40409.21338817334
175,5.833333333333333,7.720838822564664,53711.22880486469
176,5.866666666666666,10.280389883446954,70240.15648258351
177,5.9,13.195030570076876,83725.47289548462
178,5.933333333333334,14.807344831985862,115230.27397679552
179,5.966666666666667,15.846694906091894,106955.7665067022
180,6.0,15.959625646033112,94872.61178624243
181,6.033333333333333,14.357656235402857,79063.7416420997
182,6.066666666666666,12.863504705981246,69826.18307601837
183,6.1,13.686833022397593,235795.94211190613
184,6.133333333333334,17.05996929602997,919193.5479021032
185,6.166666666666667,25.155294552028842,1296159.3006181356
186,6.2,25.345958383950837,4573484.579997944
187,6.233333333333333,32.05335578938671,4577372.637057761
188,6.266666666666667,32.329236662454164,5114001.7063224865
189,6.3,28.071637912876334,4481580.062708876
190,6.333333333333333,18.918807130775875,4117263.230292643
191,6.366666666666666,19.203827705074048,854846.1361195414
192,6.4,13.158328682873327,841643.3049901854
193,6.433333333333334,11.219983678242688,122707.86004731021
194,6.466666666666667,10.874115573423754,69998.27307589157
195,6.5,11.491362805058225,59127.43654670683
196,6.533333333333333,10.48859708809604,56450.703166151376
197,6.566666666666666,9.590588550053607,59804.638917427204
198,6.6,9.331085149564371,67157.33001917349
199,6.633333333333334,10.561253962511287,96268.93939639394
200,6.666666666666667,11.883567122582992,138468.30287016052
201,6.7,14.88272981351427,144546.77880110123
202,6.733333333333333,15.511277065993749,170304.55376188311
203,6.766666666666667,15.117809440286006,172630.69712776
204,6.8,14.108805589148863,222678.63820503015
205,6.833333333333333,14.632783412297107,195477.8568977204
206,6.866666666666666,12.516520488048632,496200.84446070704
207,6.9,14.6964125051547,646626.5981069902
208,6.933333333333334,19.39491798634443,627037.4032784717
209,6.966666666666667,22.36546933076677,624101.3918398025
210,7.0,21.362711818886602,643108.2600575528
211,7.033333333333333,20.86900668888648,329701.24473952095
212,7.066666666666666,17.250330171748708,149319.90632674654
213,7.1,12.11770027668078,142885.57624576247
214,7.133333333333334,8.25942719162822,61995.55222294247
215,7.166666666666667,6.939696364928468,29776.673107980256
216,7.2,6.200047034274595,27998.469299377284
217,7.233333333333333,6.021161656770052,30783.887319582853
218,7.266666666666667,6.335659269169943,30190.108777380712
219,7.3,6.4805491444057255,49847.94105042117
220,7.333333333333333,8.899389071888246,69007.84873756385
221,7.366666666666666,11.567917081616153,80906.01357628814
222,7.4,10.257849035465787,74171.33996199536
223,7.433333333333334,0.0,0.0
224,7.466666666666667,0.0,0.0
